谰搁悼,夯锅,何锅,搁利
谰惑府,32,14,216
谰惑府,32,16,213
谰惑府,32,19,213
谰惑府,32,20,203
谰惑府,32,30,213
谰惑府,32,32,214
谰惑府,32,35,213
谰惑府,32,36,226
谰惑府,32,37,226
谰惑府,32,38,219
谰惑府,32,41,223
谰惑府,32,42,227
谰惑府,32,43,226
谰惑府,32,44,231
谰惑府,32,57,246
谰惑府,32,59,176
谰惑府,34,4,125
谰惑府,36,7,400
谰惑府,38,2,934
谰惑府,38,5,1003
谰惑府,48,2,317
谰惑府,49,2,945
谰惑府,50,2,212
谰惑府,51,1,310
谰惑府,55,1,587
谰惑府,55,2,271
谰惑府,55,3,119
谰惑府,56,,363
谰惑府,59,,248
谰惑府,62,3,127
谰惑府,63,3,383
谰惑府,105,4,191
谰惑府,106,2,363
谰惑府,106,7,539
谰惑府,107,1,319
谰惑府,107,3,503
谰惑府,107,4,980
谰惑府,109,8,227
谰惑府,109,15,165
谰惑府,112,1,302
谰惑府,112,7,192
谰惑府,112,8,294
谰惑府,112,16,168
谰惑府,112,17,210
谰惑府,112,20,285
谰惑府,112,23,347
谰惑府,112,28,212
谰惑府,112,31,138
谰惑府,112,32,146
谰惑府,112,33,338
谰惑府,112,34,222
谰惑府,112,35,278
谰惑府,112,36,462
谰惑府,121,1,57
谰惑府,121,4,178
谰惑府,122,3,205
谰惑府,122,6,158
谰惑府,122,7,207
谰惑府,122,9,369
谰惑府,122,20,209
谰惑府,122,22,106
谰惑府,122,23,119
谰惑府,122,25,238
谰惑府,123,9,271
谰惑府,123,10,216
谰惑府,124,3,250
谰惑府,127,1,400
谰惑府,127,5,691
谰惑府,127,7,2047
谰惑府,127,8,90
谰惑府,127,9,439
谰惑府,127,15,1824
谰惑府,130,1,1623
谰惑府,130,2,320
谰惑府,130,3,1325
谰惑府,130,4,93
谰惑府,131,,689
谰惑府,132,1,301
谰惑府,146,4,136
谰惑府,146,6,102
谰惑府,147,,1017
谰惑府,147,9,71
谰惑府,148,1,602
谰惑府,195,5,1101
谰惑府,195,11,352
谰惑府,195,33,196
谰惑府,210,10,367
谰惑府,224,3,234
谰惑府,225,1,227
谰惑府,225,6,89
谰惑府,269,5,195
谰惑府,269,7,404
谰惑府,269,8,1009
谰惑府,270,1,202
谰惑府,270,2,231
谰惑府,270,7,76
谰惑府,270,8,197
谰惑府,270,9,162
谰惑府,274,1,336
谰惑府,274,3,149
谰惑府,274,4,155
谰惑府,274,5,197
谰惑府,275,5,202
谰惑府,275,7,195
谰惑府,275,8,218
谰惑府,276,1,97
谰惑府,276,7,124
谰惑府,276,16,174
谰惑府,276,17,174
谰惑府,277,3,287.3
谰惑府,277,6,163
谰惑府,277,12,216
谰惑府,278,7,365
谰惑府,278,10,102.4
谰惑府,278,15,88
谰惑府,278,16,115
谰惑府,278,17,117
谰惑府,278,19,151
谰惑府,280,5,40
谰惑府,280,7,20
谰惑府,284,6,25
谰惑府,284,10,79
谰惑府,285,2,123
谰惑府,286,,93
谰惑府,287,,155
谰惑府,288,6,322
谰惑府,288,18,215
谰惑府,288,20,128
谰惑府,288,29,119
谰惑府,288,30,381
谰惑府,288,32,258
谰惑府,288,33,361
谰惑府,288,37,76
谰惑府,288,41,192
谰惑府,288,43,185
谰惑府,288,48,388
谰惑府,288,52,129
谰惑府,288,53,56
谰惑府,289,4,38.72
谰惑府,289,8,258
谰惑府,289,10,165
谰惑府,291,6,82
谰惑府,291,9,36.3
谰惑府,291,14,347
谰惑府,292,5,31.4
谰惑府,292,8,291
谰惑府,293,4,484
谰惑府,294,5,576
谰惑府,295,1,391
谰惑府,295,14,54
谰惑府,295,16,214
谰惑府,295,20,60
谰惑府,295,22,249
谰惑府,295,24,18
谰惑府,295,25,30
谰惑府,298,14,227
谰惑府,300,3,111
谰惑府,300,5,110
谰惑府,300,6,106
谰惑府,300,7,169
谰惑府,300,9,135
谰惑府,300,10,156
谰惑府,301,6,235
谰惑府,301,11,188
谰惑府,302,1,112
谰惑府,302,7,171
谰惑府,302,8,262
谰惑府,302,12,215
谰惑府,305,3,129
谰惑府,306,1,251
谰惑府,306,5,314
谰惑府,306,7,212
谰惑府,306,14,165
谰惑府,306,15,161
谰惑府,307,1,349
谰惑府,307,7,304
谰惑府,308,3,876
谰惑府,308,4,304
谰惑府,308,5,271
谰惑府,308,6,92
谰惑府,308,7,331
谰惑府,308,11,255
谰惑府,308,14,381
谰惑府,309,,600
谰惑府,310,2,281
谰惑府,310,3,314
谰惑府,310,4,148.68
谰惑府,310,5,420
谰惑府,311,1,68
谰惑府,312,,367
谰惑府,313,1,248
谰惑府,313,2,235
谰惑府,313,3,190
谰惑府,313,5,208
谰惑府,313,7,327
谰惑府,313,9,149
谰惑府,313,13,193
谰惑府,314,1,363
谰惑府,314,5,261
谰惑府,315,1,255
谰惑府,315,3,180
谰惑府,315,4,82
谰惑府,315,7,396
谰惑府,315,8,638
谰惑府,315,10,271
谰惑府,315,11,290
谰惑府,320,1,152
谰惑府,322,3,304
谰惑府,322,4,201
谰惑府,322,7,246
谰惑府,325,,367
谰惑府,326,2,36
谰惑府,326,4,172
谰惑府,326,6,165
谰惑府,326,7,182
谰惑府,326,8,198
谰惑府,326,9,208
谰惑府,326,10,172
谰惑府,327,2,368
谰惑府,327,4,222
谰惑府,327,5,208
谰惑府,327,6,324
谰惑府,327,7,136
谰惑府,328,3,446
谰惑府,328,4,221
谰惑府,328,5,280
谰惑府,328,13,173
谰惑府,329,,224
谰惑府,332,,272
谰惑府,333,,228
谰惑府,334,,121
谰惑府,336,1,206
谰惑府,337,1,233
谰惑府,337,3,66
谰惑府,338,1,251
谰惑府,343,1,168
谰惑府,345,1,961
谰惑府,347,1,214
谰惑府,347,2,168
谰惑府,348,4,185
谰惑府,348,5,281
谰惑府,348,7,188
谰惑府,348,8,148
谰惑府,350,1,674
谰惑府,350,3,441
谰惑府,352,1,146
谰惑府,352,5,122
谰惑府,352,6,251
谰惑府,367,2,230
谰惑府,367,3,198
谰惑府,367,4,152
谰惑府,367,7,268
谰惑府,367,8,560
谰惑府,368,3,555
谰惑府,371,4,192
谰惑府,371,8,89
谰惑府,372,1,78
谰惑府,373,2,136
谰惑府,373,3,258
谰惑府,373,5,282
谰惑府,374,3,238
谰惑府,374,4,304
谰惑府,376,2,1178
谰惑府,376,23,200
谰惑府,376,24,133
谰惑府,376,25,206
谰惑府,376,29,91
谰惑府,377,2,830
谰惑府,377,10,264
谰惑府,382,2,289
谰惑府,382,7,154
谰惑府,383,,262
谰惑府,384,1,136
谰惑府,384,2,455
谰惑府,384,3,548
谰惑府,384,4,751
谰惑府,385,9,175
谰惑府,385,10,162
谰惑府,385,23,433
谰惑府,385,25,192
谰惑府,386,1,242
谰惑府,386,2,137
谰惑府,386,4,1214
谰惑府,386,6,572
谰惑府,386,18,468
谰惑府,386,31,775
谰惑府,393,2,127
谰惑府,470,,658
谰惑府,493,,1014
谰惑府,514,8,212
谰惑府,515,1,99
谰惑府,515,4,181
谰惑府,515,5,230
谰惑府,515,8,231
谰惑府,515,10,305
谰惑府,515,12,116
谰惑府,517,1,251
谰惑府,517,2,332
谰惑府,517,4,322
谰惑府,519,1,263
谰惑府,519,5,182
谰惑府,519,8,145
谰惑府,519,9,174
谰惑府,519,12,465
谰惑府,539,3,316
谰惑府,540,,659
谰惑府,541,4,238
谰惑府,541,5,228
谰惑府,541,7,198
谰惑府,541,8,204
谰惑府,541,9,178
谰惑府,541,10,180
谰惑府,542,1,317
谰惑府,543,2,278
谰惑府,546,2,325
谰惑府,547,,460
谰惑府,563,1,273.6
谰惑府,563,2,273
谰惑府,563,3,317.7
谰惑府,563,6,83
谰惑府,563,7,141.6
谰惑府,563,8,146
谰惑府,566,1,140
谰惑府,566,2,253
谰惑府,572,19,165
谰惑府,574,2,81
谰惑府,581,2,239.2
谰惑府,582,2,240.7
谰惑府,582,6,260.8
谰惑府,583,2,231.4
谰惑府,583,3,243.1
谰惑府,583,5,222.2
谰惑府,584,1,207.1
谰惑府,584,4,224
谰惑府,584,5,226.4
谰惑府,584,6,222.2
谰惑府,584,7,212
谰惑府,584,8,198.8
谰惑府,584,9,206.8
谰惑府,585,2,208.5
谰惑府,585,3,221.2
谰惑府,585,7,234.5
谰惑府,585,8,215
谰惑府,585,10,217.6
谰惑府,585,11,213.5
谰惑府,586,3,236.5
谰惑府,586,5,228.7
谰惑府,587,1,195.3
谰惑府,587,2,200.9
谰惑府,587,3,205.4
谰惑府,589,,892.5
谰惑府,592,1,248.1
谰惑府,592,2,242.1
谰惑府,592,3,245.2
谰惑府,592,4,231.1
谰惑府,592,7,236.7
谰惑府,597,2,205.5
谰惑府,598,1,263.6
谰惑府,598,2,255.3
谰惑府,598,3,257.2
谰惑府,598,4,282.6
谰惑府,598,5,289.7
谰惑府,598,7,281.8
谰惑府,598,10,280.2
谰惑府,598,12,265
谰惑府,600,1,267.4
谰惑府,600,2,543.7
谰惑府,616,2,434.4
谰惑府,616,4,218.2
谰惑府,616,5,217
谰惑府,616,6,217.9
谰惑府,620,2,236.3
谰惑府,624,1,218.2
谰惑府,624,4,233.5
谰惑府,626,1,230.7
谰惑府,626,2,224.9
谰惑府,626,4,224.9
谰惑府,626,8,337
谰惑府,626,10,230.3
谰惑府,628,1,445.3
谰惑府,628,3,224
谰惑府,628,5,225.7
谰惑府,628,6,221.6
谰惑府,628,7,220
谰惑府,628,8,223.3
谰惑府,628,9,222.8
谰惑府,628,10,223.7
谰惑府,629,2,225.1
谰惑府,629,5,248.5
谰惑府,629,7,225.8
谰惑府,630,2,222.9
谰惑府,630,8,227.1
谰惑府,631,1,278.6
谰惑府,631,2,267.6
谰惑府,631,5,266.5
谰惑府,631,6,266.5
谰惑府,631,7,266.7
谰惑府,631,8,266.9
谰惑府,631,9,262.3
谰惑府,631,15,266.1
谰惑府,632,1,306.2
谰惑府,632,2,297.2
谰惑府,637,4,218.6
谰惑府,637,5,259.2
谰惑府,637,7,252.2
谰惑府,638,2,202.8
谰惑府,638,5,405.3
谰惑府,638,7,208.7
谰惑府,638,8,216.1
谰惑府,638,9,222.7
谰惑府,638,10,228.5
谰惑府,640,1,214.6
谰惑府,640,2,222.6
谰惑府,640,3,235.1
谰惑府,640,8,225.8
谰惑府,640,9,226.5
谰惑府,640,10,229.2
谰惑府,640,12,444.5
谰惑府,641,1,241.1
谰惑府,641,2,246.1
谰惑府,641,3,248.8
谰惑府,641,4,262.3
谰惑府,641,6,242.4
谰惑府,641,8,240.9
谰惑府,642,1,294.5
谰惑府,642,3,261.4
谰惑府,644,1,233.1
谰惑府,644,3,245.9
谰惑府,647,1,286.4
谰惑府,647,3,515.7
谰惑府,648,1,269.5
谰惑府,648,3,251.8
谰惑府,649,1,282.5
谰惑府,649,2,275.7
谰惑府,649,3,293.5
谰惑府,649,6,280.1
谰惑府,650,1,290.9
谰惑府,650,2,274
谰惑府,650,3,272.5
谰惑府,650,4,241.6
谰惑府,650,5,285.4
谰惑府,650,6,291.7
谰惑府,650,8,291.5
谰惑府,659,3,794.4
谰惑府,659,4,920.4
谰惑府,661,3,580.6
谰惑府,665,6,355
谰惑府,665,7,355
谰惑府,665,8,352.7
谰惑府,665,9,396.7
谰惑府,671,3,195.6
谰惑府,671,5,575.7
谰惑府,692,4,280.7
谰惑府,692,6,452.2
谰窍府,50,8,286
谰窍府,54,2,356
谰窍府,54,3,231
谰窍府,60,17,196
谰窍府,69,,460
谰窍府,71,,104
谰窍府,74,1,102
谰窍府,75,2,219
谰窍府,75,3,123
谰窍府,75,5,56
谰窍府,77,1,230
谰窍府,79,4,174
谰窍府,79,7,167
谰窍府,80,2,409
谰窍府,86,3,235
谰窍府,86,9,170
谰窍府,89,10,100
谰窍府,90,6,219
谰窍府,90,12,33
谰窍府,90,17,33
谰窍府,92,,122
谰窍府,94,10,185
谰窍府,94,21,48
谰窍府,94,24,387
谰窍府,97,1,359
谰窍府,100,1,225
谰窍府,105,1,455
谰窍府,107,3,64.64
谰窍府,107,27,215
谰窍府,107,38,50
谰窍府,109,1,147
谰窍府,110,1,35
谰窍府,110,7,65
谰窍府,111,1,64
谰窍府,112,6,121
谰窍府,112,50,237
谰窍府,115,7,218
谰窍府,134,5,72
谰窍府,134,7,96
谰窍府,134,20,165
谰窍府,134,21,293
谰窍府,134,32,116
谰窍府,148,8,271
谰窍府,166,,522
谰窍府,176,6,176
谰窍府,176,7,283
谰窍府,195,2,455
谰窍府,210,2,264
谰窍府,210,5,307
谰窍府,210,11,76
谰窍府,214,4,298
谰窍府,214,5,172
谰窍府,214,7,339
谰窍府,215,1,840
谰窍府,215,2,278
谰窍府,215,3,557
谰窍府,215,4,215
谰窍府,215,9,482
谰窍府,215,11,406
谰窍府,216,,952
谰窍府,218,3,163
谰窍府,218,5,214
谰窍府,218,9,214
谰窍府,219,6,437
谰窍府,220,3,1065
谰窍府,221,2,410
谰窍府,221,3,274
谰窍府,221,5,258
谰窍府,222,5,496
谰窍府,222,7,196
谰窍府,228,6,397
谰窍府,238,,517
谰窍府,243,1,930
谰窍府,249,3,38
谰窍府,250,1,81.5
谰窍府,250,2,93
谰窍府,250,3,354
谰窍府,251,23,487
谰窍府,251,35,465
谰窍府,251,36,149
谰窍府,251,37,115.35
谰窍府,251,38,69
谰窍府,251,39,231
谰窍府,251,41,191
谰窍府,251,46,122
谰窍府,251,49,102
谰窍府,251,50,139
谰窍府,251,58,380
谰窍府,251,59,400
谰窍府,251,61,182
谰窍府,251,65,218
谰窍府,251,66,218
谰窍府,251,69,801
谰窍府,251,75,407
谰窍府,251,77,295
谰窍府,251,81,116
谰窍府,251,82,212
谰窍府,251,85,314
谰窍府,251,87,137
谰窍府,296,1,282.5
谰窍府,297,2,359
谰窍府,297,3,189
谰窍府,297,9,188
谰窍府,300,2,198
谰窍府,300,3,192
谰窍府,300,4,179
谰窍府,300,5,83
谰窍府,300,6,212
谰窍府,300,8,198
谰窍府,300,9,241
谰窍府,300,12,177
谰窍府,300,13,202
谰窍府,300,14,218
谰窍府,300,15,182
谰窍府,300,16,182
谰窍府,301,8,236
谰窍府,302,1,314
谰窍府,302,2,129
谰窍府,305,1,344
谰窍府,305,2,121
谰窍府,306,4,205
谰窍府,306,5,185
谰窍府,306,7,228
谰窍府,309,1,271
谰窍府,310,2,171
谰窍府,311,,241
谰窍府,315,,209
谰窍府,317,1,168
谰窍府,320,1,671
谰窍府,320,3,192
谰窍府,320,4,172
谰窍府,320,5,198
谰窍府,320,7,182
谰窍府,322,6,73
谰窍府,322,8,83
谰窍府,323,,314
谰窍府,324,2,331
谰窍府,324,3,82
谰窍府,324,8,359
谰窍府,326,4,375
谰窍府,330,1,913
谰窍府,331,,377
谰窍府,334,3,311
谰窍府,337,,674
谰窍府,338,8,722
谰窍府,338,10,71
谰窍府,338,11,207
谰窍府,344,,94
谰窍府,344,1,176
谰窍府,345,,245
谰窍府,347,1,231
谰窍府,347,2,633
谰窍府,347,10,165
谰窍府,347,11,215
谰窍府,347,12,274
谰窍府,347,13,245
谰窍府,348,,311
谰窍府,349,1,155
谰窍府,349,6,221
谰窍府,349,10,123
谰窍府,350,,129
谰窍府,351,1,655
谰窍府,351,4,202
谰窍府,351,6,164
谰窍府,352,2,347
谰窍府,355,1,85.48
谰窍府,358,1,350
谰窍府,358,2,248
谰窍府,359,1,107
谰窍府,360,,326
谰窍府,362,7,299
谰窍府,363,6,195
谰窍府,363,11,313
谰窍府,364,13,304
谰窍府,364,16,172
谰窍府,364,17,145
谰窍府,364,18,253
谰窍府,364,20,292
谰窍府,364,35,172
谰窍府,365,1,205
谰窍府,365,6,355
谰窍府,366,4,89
谰窍府,366,11,74
谰窍府,366,12,60
谰窍府,366,13,86
谰窍府,366,19,91
谰窍府,367,2,66
谰窍府,367,8,205
谰窍府,367,9,243
谰窍府,367,11,122
谰窍府,368,4,195
谰窍府,368,6,259
谰窍府,368,14,219
谰窍府,368,18,208
谰窍府,369,2,242
谰窍府,369,5,281
谰窍府,373,2,555
谰窍府,375,1,443
谰窍府,375,2,668
谰窍府,375,14,257
谰窍府,375,18,480
谰窍府,375,21,291
谰窍府,375,23,202
谰窍府,375,24,160
谰窍府,375,25,271
谰窍府,375,26,167
谰窍府,375,30,280
谰窍府,375,31,204
谰窍府,375,33,236
谰窍府,377,3,406
谰窍府,377,4,129
谰窍府,377,8,228
谰窍府,377,20,20
谰窍府,377,22,96
谰窍府,377,40,24
谰窍府,377,45,103
谰窍府,377,55,386
谰窍府,377,62,182
谰窍府,377,63,283
谰窍府,377,68,394
谰窍府,377,71,119
谰窍府,377,78,214
谰窍府,377,80,131
谰窍府,377,81,149
谰窍府,377,82,102
谰窍府,377,84,58
谰窍府,377,86,95
谰窍府,377,90,164
谰窍府,377,100,103
谰窍府,377,102,78
谰窍府,377,103,145
谰窍府,377,105,162
谰窍府,377,106,151
谰窍府,377,109,73
谰窍府,377,112,233
谰窍府,377,119,134
谰窍府,377,126,240
谰窍府,377,129,244
谰窍府,377,134,144
谰窍府,377,140,124
谰窍府,377,147,75
谰窍府,381,1,256
谰窍府,381,3,260
谰窍府,381,7,198
谰窍府,381,8,228
谰窍府,382,2,172
谰窍府,383,1,339
谰窍府,383,3,245
谰窍府,384,1,73
谰窍府,384,2,185
谰窍府,385,7,179
谰窍府,385,12,803
谰窍府,385,20,190
谰窍府,385,24,169
谰窍府,396,,282
谰窍府,396,16,298
谰窍府,415,1,270
谰窍府,423,5,432
谰窍府,423,11,181
谰窍府,423,12,183
谰窍府,423,14,274
谰窍府,470,,226
谰窍府,470,2,232
谰窍府,470,4,239
谰窍府,484,4,212.4
谰窍府,486,4,206.4
谰窍府,486,6,208.2
谰窍府,488,1,229.9
谰窍府,488,3,210.7
谰窍府,488,5,210.4
谰窍府,488,6,221
谰窍府,488,7,210.5
谰窍府,488,8,221.1
谰窍府,488,9,210.6
谰窍府,488,10,221
谰窍府,488,12,219.4
谰窍府,488,13,208.1
谰窍府,493,2,222.6
谰窍府,493,4,225.1
谰窍府,493,5,450.3
谰窍府,493,6,225.1
谰窍府,493,8,225.2
谰窍府,493,9,672
谰窍府,493,10,225.1
谰窍府,493,12,447.5
谰窍府,495,1,223.8
谰窍府,495,2,223.7
谰窍府,495,4,224.8
谰窍府,495,6,224.8
谰窍府,495,8,224.9
谰窍府,495,10,899.4
谰窍府,495,14,223.9
谰窍府,498,1,198.8
谰窍府,498,3,205.4
谰窍府,498,7,205.1
谰窍府,498,8,205.1
谰窍府,498,9,205.1
谰窍府,498,10,198.9
谰窍府,507,1,210.2
谰窍府,507,2,194.1
谰窍府,507,3,210.3
谰窍府,507,4,210.3
谰窍府,507,5,210.1
谰窍府,507,7,210.3
谰窍府,507,8,210.3
谰窍府,507,9,210.3
谰窍府,507,10,210.2
谰窍府,507,11,210.3
谰窍府,507,12,210.2
谰窍府,507,13,210.2
谰窍府,507,14,210
谰窍府,507,15,425.2
谰窍府,507,16,210
谰窍府,509,3,324.9
谰窍府,511,1,214.4
谰窍府,511,2,214.9
谰窍府,511,3,215
谰窍府,511,4,215
谰窍府,511,5,214.9
谰窍府,511,6,214.9
谰窍府,511,8,214.9
谰窍府,511,9,214.8
谰窍府,511,10,214.8
谰窍府,511,11,214.9
谰窍府,511,12,214.9
谰窍府,511,13,215
谰窍府,511,14,215
谰窍府,511,15,215.6
谰窍府,511,16,212.8
谰窍府,519,1,214.5
谰窍府,519,2,428.7
谰窍府,519,7,214.4
谰窍府,519,13,214.4
谰窍府,519,14,213.5
谰窍府,519,16,215.2
谰窍府,521,2,202.1
谰窍府,521,4,206.6
谰窍府,521,5,211.5
谰窍府,521,6,208.5
谰窍府,521,7,423
谰窍府,521,8,210.8
谰窍府,521,12,215
谰窍府,521,14,217
谰窍府,521,15,209.8
谰窍府,521,16,218.9
谰窍府,524,2,313.6
谰窍府,524,3,313.6
谰窍府,526,3,188.5
谰窍府,526,4,187.5
谰窍府,526,5,188.2
谰窍府,526,6,188.8
谰窍府,526,7,187.5
谰窍府,526,8,186.7
谰窍府,526,9,189.2
谰窍府,528,3,229.7
谰窍府,528,4,204.8
谰窍府,529,1,217.4
谰窍府,529,2,214.4
谰窍府,529,3,215.8
谰窍府,529,4,215.6
谰窍府,529,5,215.9
谰窍府,529,6,215.6
谰窍府,529,7,214
谰窍府,529,8,217.3
谰窍府,531,1,212.1
谰窍府,531,2,207.6
谰窍府,531,3,214.6
谰窍府,531,4,214.3
谰窍府,531,5,214.6
谰窍府,531,7,214.8
谰窍府,531,8,214.4
谰窍府,531,9,214.8
谰窍府,531,11,648.9
谰窍府,531,13,217.9
谰窍府,533,2,195.9
谰窍府,533,5,202
谰窍府,533,6,201.8
谰窍府,533,7,201.8
谰窍府,533,8,403.7
谰窍府,533,11,205.7
谰窍府,535,1,215.3
谰窍府,535,2,211.6
谰窍府,535,6,217.5
谰窍府,535,7,218.7
谰窍府,535,8,217.9
谰窍府,535,9,220.5
谰窍府,535,10,220.3
谰窍府,544,1,316.9
谰窍府,546,1,207.2
谰窍府,546,2,198.3
谰窍府,546,4,402.8
谰窍府,546,5,204.4
谰窍府,546,7,201.7
谰窍府,546,8,201.5
谰窍府,546,9,198.8
谰窍府,546,11,196
谰窍府,546,13,190
谰窍府,546,14,198.6
谰窍府,548,1,226.1
谰窍府,548,4,233.8
谰窍府,548,5,230.6
谰窍府,548,7,233.4
谰窍府,548,8,235.4
谰窍府,548,10,229.9
谰窍府,548,11,230.8
谰窍府,548,12,221.4
谰窍府,548,13,231.4
谰窍府,548,14,235.2
谰窍府,548,15,227.3
谰窍府,550,1,168.9
谰窍府,550,2,410.8
谰窍府,550,4,168.5
谰窍府,550,5,349.8
谰窍府,550,11,177.8
谰窍府,554,7,234.8
谰窍府,554,8,228.8
谰窍府,556,4,534.4
谰窍府,556,5,231
谰窍府,556,7,538.6
谰窍府,563,4,283.9
谰窍府,567,3,712
谰窍府,567,5,343.5
谰窍府,567,8,232.7
谰窍府,567,9,232.8
谰窍府,567,10,232.8
谰窍府,572,2,314.7
谰窍府,572,3,349.5
谰窍府,572,5,274.1
谰窍府,572,6,338.6
谰窍府,572,7,242.6
谰窍府,572,9,527.2
谰窍府,572,10,182
谰窍府,574,1,480.5
谰窍府,574,8,334.7
谰窍府,583,1,373
谰窍府,583,4,394.9
谰窍府,583,5,199.2
谰窍府,583,6,234.8
谰窍府,586,1,499
谰窍府,586,2,332.5
谰窍府,593,1,713.5
谰窍府,593,6,405.5
合玫府,2,12,621
合玫府,2,13,601
合玫府,2,14,604
合玫府,2,15,246
合玫府,2,24,681
合玫府,2,29,670
合玫府,2,31,440
合玫府,2,32,287
合玫府,2,33,465
合玫府,2,34,487
合玫府,2,41,505
合玫府,2,42,505
合玫府,2,46,581
合玫府,2,53,485
合玫府,2,54,422
合玫府,2,56,363
合玫府,2,66,459
合玫府,2,67,436
合玫府,2,72,335
合玫府,2,73,335
合玫府,3,4,400
合玫府,3,6,540
合玫府,3,8,659
合玫府,3,9,733
合玫府,3,10,733
合玫府,3,12,653
合玫府,3,16,659
合玫府,3,17,659
合玫府,3,19,659
合玫府,3,20,659
合玫府,3,22,659
合玫府,3,23,659
合玫府,3,24,659
合玫府,3,25,659
合玫府,3,27,659
合玫府,3,28,659
合玫府,3,29,659
合玫府,3,30,659
合玫府,3,31,659
合玫府,3,32,659
合玫府,3,34,823
合玫府,3,37,652
合玫府,3,38,341
合玫府,3,40,573
合玫府,3,43,941
合玫府,3,44,659
合玫府,3,45,659
合玫府,3,47,446
合玫府,3,52,659
合玫府,3,55,659
合玫府,3,57,659
合玫府,3,59,659
合玫府,3,60,524
合玫府,3,62,659
合玫府,3,64,659
合玫府,3,66,603
合玫府,3,68,627
合玫府,3,69,659
合玫府,3,70,659
合玫府,3,71,487
合玫府,3,72,487
合玫府,3,73,659
合玫府,3,76,683
合玫府,3,77,659
合玫府,3,78,736
合玫府,3,79,659
合玫府,3,86,700
合玫府,3,95,1043
合玫府,3,100,1107
合玫府,3,103,565
合玫府,3,106,1969
合玫府,6,7,171
合玫府,7,,660
合玫府,33,3,980
合玫府,33,9,407
合玫府,34,1,797
合玫府,35,5,268
合玫府,36,2,619
合玫府,36,4,204
合玫府,36,5,168
合玫府,36,6,226
合玫府,36,7,116
合玫府,38,,571
合玫府,39,1,182
合玫府,39,2,1383
合玫府,46,3,452
合玫府,48,2,817.6
合玫府,48,2,253.2
合玫府,48,9,1179
合玫府,67,2,437
合玫府,69,2,347
合玫府,89,3,264
合玫府,95,,463
合玫府,96,1,790
合玫府,96,8,314
合玫府,96,9,215
合玫府,96,10,162
合玫府,99,2,463
合玫府,115,6,294
合玫府,115,15,219
合玫府,115,16,352
合玫府,115,17,587
合玫府,115,19,241
合玫府,115,20,248
合玫府,115,23,184
合玫府,115,24,184
合玫府,115,25,364
合玫府,115,27,294
合玫府,115,28,250
合玫府,115,30,255
合玫府,115,31,262
合玫府,115,32,256
合玫府,115,33,253
合玫府,115,34,233
合玫府,115,35,246
合玫府,115,37,250
合玫府,115,38,257
合玫府,115,39,514
合玫府,115,41,311
合玫府,115,42,339
合玫府,115,43,258
合玫府,115,45,262
合玫府,115,46,263
合玫府,115,47,264
合玫府,115,56,334
合玫府,115,59,248
合玫府,115,64,252
合玫府,115,68,411
合玫府,115,70,206
合玫府,115,72,207
合玫府,115,73,204
合玫府,115,74,221
合玫府,115,75,213
合玫府,115,76,199
合玫府,115,77,200
合玫府,115,78,198
合玫府,115,79,200
合玫府,115,80,203
合玫府,115,81,198
合玫府,115,82,204
合玫府,115,83,213
合玫府,115,86,205
合玫府,115,120,212
合玫府,115,121,204
合玫府,115,122,201
合玫府,115,123,206
合玫府,115,125,203
合玫府,115,126,407
合玫府,115,128,220
合玫府,115,130,203
合玫府,115,131,203
合玫府,115,132,203
合玫府,115,133,203
合玫府,115,134,204
合玫府,115,135,403
合玫府,115,137,208
合玫府,115,138,212
合玫府,115,139,413
合玫府,115,141,413
合玫府,115,144,205
合玫府,115,145,203
合玫府,115,148,202
合玫府,115,149,201
合玫府,115,150,199
合玫府,115,151,198
合玫府,115,152,200
合玫府,115,153,196
合玫府,115,154,200
合玫府,115,155,205
合玫府,115,174,213
合玫府,115,175,208
合玫府,115,176,203
合玫府,115,177,205
合玫府,115,178,203
合玫府,115,179,206
合玫府,115,180,205
合玫府,115,181,201
合玫府,115,182,203
合玫府,115,183,201
合玫府,115,184,198
合玫府,115,185,201
合玫府,115,186,198
合玫府,115,187,201
合玫府,115,188,210
合玫府,115,193,213
合玫府,116,4,541
合玫府,123,2,33
合玫府,171,4,293
合玫府,171,5,536
合玫府,171,12,273
合玫府,177,,168
合玫府,205,8,212
合玫府,205,9,709
合玫府,209,,648
合玫府,211,,764
合玫府,214,3,403
合玫府,214,6,862
郴瘤府,23,3,604
郴瘤府,27,,475
郴瘤府,31,2,540
郴瘤府,31,7,555
郴瘤府,31,10,660
郴瘤府,31,11,786
郴瘤府,31,18,595
郴瘤府,32,5,501
郴瘤府,40,4,985
郴瘤府,45,12,745
郴瘤府,45,17,956
郴瘤府,45,19,657
郴瘤府,45,20,693
郴瘤府,45,21,832
郴瘤府,45,29,364
郴瘤府,45,32,754
郴瘤府,45,33,428
郴瘤府,45,34,616
郴瘤府,45,37,386
郴瘤府,45,38,621
郴瘤府,45,39,575
郴瘤府,45,41,558
郴瘤府,45,43,382
郴瘤府,45,44,265
郴瘤府,45,45,384
郴瘤府,51,1,347
郴瘤府,56,,264
郴瘤府,60,1,660
郴瘤府,66,3,747
郴瘤府,68,,735
郴瘤府,68,2,662
郴瘤府,68,3,883
郴瘤府,68,7,467
郴瘤府,68,8,590
郴瘤府,68,9,924
郴瘤府,68,11,788
郴瘤府,68,12,789
郴瘤府,68,13,802
郴瘤府,68,15,663
郴瘤府,68,18,681
郴瘤府,68,20,528
郴瘤府,68,22,674
郴瘤府,68,23,704
郴瘤府,68,25,514
郴瘤府,68,28,600
郴瘤府,72,1,388
郴瘤府,73,,684
郴瘤府,77,2,844
郴瘤府,78,1,495
郴瘤府,80,4,980
郴瘤府,80,7,474
郴瘤府,80,10,360
郴瘤府,82,1,740
郴瘤府,83,1,742
郴瘤府,83,3,660
郴瘤府,86,1,588
郴瘤府,90,10,1058
郴瘤府,97,1,980
郴瘤府,100,2,398
郴瘤府,102,1,375
郴瘤府,105,1,102
郴瘤府,110,3,171.25
郴瘤府,113,,615
郴瘤府,115,5,563
郴瘤府,115,8,255
郴瘤府,120,1,483
郴瘤府,120,8,354
郴瘤府,120,11,306
郴瘤府,120,14,519
郴瘤府,120,17,392
郴瘤府,120,19,445
郴瘤府,123,1,577
郴瘤府,137,13,511
郴瘤府,137,14,544
郴瘤府,137,24,624
郴瘤府,137,34,555
郴瘤府,137,35,538
郴瘤府,137,37,603
郴瘤府,137,38,528
郴瘤府,137,39,553
郴瘤府,146,5,753
郴瘤府,155,,660
郴瘤府,163,,169
郴瘤府,183,1,254
郴瘤府,184,,202
郴瘤府,186,,493
郴瘤府,194,1,340
郴瘤府,198,3,227
郴瘤府,204,,502
郴瘤府,204,1,561
郴瘤府,204,2,509
郴瘤府,204,4,558
郴瘤府,204,5,498
郴瘤府,204,9,1034
郴瘤府,204,10,487
郴瘤府,215,,1091
郴瘤府,216,,1514
郴瘤府,219,,530
郴瘤府,220,2,478
郴瘤府,229,4,1004
郴瘤府,229,6,628
郴瘤府,231,1,641
郴瘤府,231,4,976
郴瘤府,231,9,705
郴瘤府,231,10,692
郴瘤府,233,,803
郴瘤府,257,,338
郴瘤府,魂,61,59.2
付苛府,7,,701
付苛府,21,,294
付苛府,28,,324
付苛府,30,3,638
付苛府,30,10,382
付苛府,30,11,266
付苛府,37,1,298
付苛府,38,1,103.25
付苛府,38,2,278
付苛府,41,1,703
付苛府,44,5,1119
付苛府,44,8,618
付苛府,54,3,534
付苛府,54,6,197
付苛府,54,11,348
付苛府,54,13,182
付苛府,54,30,243
付苛府,64,1,546
付苛府,93,,141.5
付苛府,94,,856
付苛府,95,3,395
付苛府,96,3,436
付苛府,98,4,373
付苛府,98,10,335
付苛府,101,3,123.95
付苛府,102,1,464
付苛府,103,2,1111
付苛府,125,,1400
付苛府,125,2,660
付苛府,137,3,725
付苛府,137,4,705
付苛府,137,5,775
付苛府,163,2,330
付苛府,163,7,421
付苛府,164,1,599
付苛府,164,2,717
付苛府,164,4,183.95
付苛府,164,5,456
付苛府,169,3,304
付苛府,171,4,344
付苛府,173,1,850
付苛府,176,,653
付苛府,224,1,590
付苛府,227,1,258
付苛府,245,,202.43
付苛府,247,,397
付苛府,248,1,893
付苛府,260,,337
付苛府,269,,641
付苛府,269,1,680
付苛府,269,2,963
付苛府,269,3,581
付苛府,269,4,610
付苛府,269,7,637
付苛府,269,8,600
付苛府,269,9,635
付苛府,269,10,562
付苛府,269,12,595
付苛府,274,1,660
付苛府,274,4,848
付苛府,274,5,713
付苛府,274,7,701
付苛府,280,1,987
付苛府,284,,607
付苛府,296,,599
付苛府,337,7,659
付苛府,345,4,420
付苛府,354,3,500
付苛府,魂,44,207
价傈府,13,,536
价傈府,18,,660
价傈府,19,,2296
价傈府,24,2,517
价傈府,28,3,701
价傈府,28,5,809
价傈府,28,8,524
价傈府,28,9,622
价傈府,28,12,476
价傈府,28,13,593
价傈府,28,14,652
价傈府,40,,323.7
价傈府,56,1,800
价傈府,59,,467
价傈府,60,,496
价傈府,61,,660
价傈府,62,1,405
价傈府,96,1,610
价傈府,107,,582
价傈府,121,,377
价傈府,122,,873
价傈府,122,1,555
价傈府,122,2,825
价傈府,122,4,650
价傈府,122,6,330
价傈府,122,8,762
价傈府,122,9,325
价傈府,122,13,410
价傈府,136,9,575
价傈府,141,,875
价傈府,164,2,495
价傈府,165,1,1018
价傈府,168,1,265
价傈府,168,5,424
价傈府,174,6,687
价傈府,174,7,1127
价傈府,174,9,728
价傈府,174,10,799
价傈府,174,12,583
价傈府,174,15,571
价傈府,174,21,1027
价傈府,174,22,784
价傈府,174,23,691
价傈府,174,25,773
价傈府,174,26,788
价傈府,174,27,650
价傈府,174,28,626
价傈府,174,29,632
价傈府,175,2,960
价傈府,177,3,467
泵玫府,4,,580
泵玫府,4,3,345
泵玫府,11,6,999
泵玫府,12,,667
泵玫府,16,,731
泵玫府,17,,525.5
泵玫府,17,2,526
泵玫府,30,1,330
泵玫府,44,1,735.45
泵玫府,45,1,330
泵玫府,46,,660
泵玫府,46,1,625
泵玫府,64,,1124
泵玫府,65,,737
泵玫府,67,,317
泵玫府,71,,499
泵玫府,79,7,474
泵玫府,79,10,860
泵玫府,86,,535
泵玫府,99,1,1086
泵玫府,魂,7,100
泵玫府,魂,10,439
苛悼府,4,,378
苛悼府,6,2,404
苛悼府,40,,771
苛悼府,41,,992
苛悼府,43,2,660
苛悼府,50,,836
苛悼府,57,,280.8
苛悼府,58,2,650
苛悼府,80,,368
苛悼府,80,1,518
苛悼府,80,6,660
苛悼府,116,2,261
苛悼府,116,3,310
苛悼府,116,5,304
苛悼府,116,6,300
苛悼府,116,7,269
苛悼府,116,17,272
苛悼府,168,,330
苛悼府,172,2,625
苛悼府,172,3,346
苛悼府,173,,420
苛悼府,176,1,240
苛悼府,176,5,420
苛悼府,178,,1107
苛悼府,185,,613
苛悼府,197,2,660
苛悼府,203,2,328.85
苛悼府,204,,1992
苛悼府,235,,182
苛悼府,236,,126
苛悼府,238,1,892
苛悼府,239,,664
苛悼府,250,1,228.3
苛悼府,255,2,1201
苛悼府,259,2,107.35
苛悼府,260,,1938
苛悼府,263,3,440
苛悼府,264,3,649
苛悼府,267,1,475
苛悼府,280,,450
苛悼府,295,,654
苛悼府,301,1,1140
苛悼府,304,,641
苛悼府,307,1,500
苛悼府,307,4,946
苛悼府,308,1,395
苛悼府,318,,588
苛悼府,324,1,410
苛悼府,339,,655
苛悼府,340,,316.8
苛悼府,353,,474
苛悼府,397,7,1230
苛悼府,401,1,77.1
苛悼府,402,2,413
苛悼府,425,2,522
苛悼府,426,,311
苛悼府,433,1,165.28
苛悼府,434,5,660
苛悼府,436,,169.15
苛悼府,437,,330
苛悼府,445,,977
苛悼府,455,,555
苛悼府,457,,367
苛悼府,467,,1057
苛悼府,470,1,330
苛悼府,475,,304
苛悼府,482,2,462
苛悼府,483,1,247.88
苛悼府,497,,660
苛悼府,501,,132.05
苛悼府,503,1,119.75
苛悼府,570,1,495
苛悼府,570,3,450
苛悼府,580,,695
苛悼府,581,,624
苛悼府,588,1,177.75
苛悼府,603,,514
苛悼府,613,,433
苛悼府,627,,423
苛悼府,633,,304.1
苛悼府,635,,214
苛悼府,645,1,453
苛悼府,651,,720
苛悼府,657,,359
苛悼府,658,,166.23
苛悼府,665,1,190.2
苛悼府,665,3,660
苛悼府,671,,856
苛悼府,672,3,700
苛悼府,676,1,496
苛悼府,691,1,461
苛悼府,696,1,377
苛悼府,696,3,380
苛悼府,696,5,421
苛悼府,698,,772
苛悼府,698,3,496
苛悼府,698,4,413
苛悼府,712,,660
苛悼府,魂,70,2059.95
苛悼府,魂,90,306
苛悼府,魂,123,102.26
苛悼府,魂,140,444.4
康康器府,44,2,793
康康器府,49,1,191
康康器府,60,,694
康康器府,61,,662
康康器府,65,2,900
康康器府,65,4,387
康康器府,78,2,485
康康器府,80,,660
康康器府,102,,145.35
康康器府,133,,621
康康器府,148,,595
康康器府,160,,808
康康器府,161,4,446
康康器府,161,6,541
康康器府,161,8,409
康康器府,161,9,424
康康器府,161,10,323
康康器府,161,11,545
康康器府,163,1,496
康康器府,165,,344
康康器府,174,,486
康康器府,174,1,515
康康器府,176,,611
康康器府,180,,1020
康康器府,182,,374
康康器府,187,1,856
康康器府,198,,348
康康器府,199,,630
康康器府,214,,276.23
康康器府,218,,793
康康器府,244,2,355
康康器府,254,1,774
康康器府,257,1,651
康康器府,257,2,622
康康器府,297,,562
康康器府,307,,648
康康器府,310,,719
康康器府,322,,190.38
康康器府,337,1,585
康康器府,337,2,228
康康器府,339,4,378
康康器府,340,,481
康康器府,343,,485
康康器府,343,8,660
康康器府,362,,660
康康器府,373,1,263.55
康康器府,376,1,388
康康器府,381,,168
康康器府,383,,338
康康器府,384,2,569
康康器府,393,1,571
康康器府,394,4,660
康康器府,394,5,319
康康器府,404,1,420
康康器府,405,,907
康康器府,414,1,147.9
康康器府,421,,123.95
康康器府,492,,660
康康器府,496,8,580
康康器府,498,1,243
康康器府,499,,629
康康器府,501,5,1124
康康器府,502,1,355
康康器府,502,10,620
康康器府,502,17,420
康康器府,509,,2205
康康器府,517,4,693
康康器府,522,1,334
康康器府,529,,148
康康器府,531,,378
康康器府,533,,387
康康器府,537,4,637
康康器府,538,1,555
康康器府,538,2,340
康康器府,556,5,1776
康康器府,556,6,501
康康器府,558,,752
康康器府,558,1,330
康康器府,558,2,281
康康器府,559,1,516
俺傈府,2,,417
俺傈府,7,,635
俺傈府,37,,660
俺傈府,37,4,979
俺傈府,38,1,448
俺傈府,42,,558
俺傈府,44,,353
俺傈府,44,2,565
俺傈府,44,3,586
俺傈府,44,7,331
俺傈府,44,9,505
俺傈府,44,11,650
俺傈府,49,,590
俺傈府,63,,340
俺傈府,67,2,433
俺傈府,70,,367
俺傈府,81,,268
俺傈府,89,13,420
俺傈府,89,19,417
俺傈府,93,3,249
俺傈府,95,4,1157
俺傈府,96,,734
俺傈府,98,,754
俺傈府,101,,1125
俺傈府,102,,600
俺傈府,105,3,1498
俺傈府,109,1,417
俺傈府,115,3,74.38
俺傈府,118,1,189.85
俺傈府,118,8,491
俺傈府,127,1,426
俺傈府,127,3,420
俺傈府,128,1,966
俺傈府,128,2,648
俺傈府,128,5,698
俺傈府,128,6,74.37
俺傈府,129,2,400
俺傈府,130,1,912
俺傈府,130,3,5430
俺傈府,130,6,515
俺傈府,142,,330
俺傈府,143,2,391
俺傈府,146,1,1160.15
俺傈府,151,,580
俺傈府,154,,292
俺傈府,163,,1128
俺傈府,189,1,542
俺傈府,195,,684
俺傈府,214,3,579
俺傈府,215,3,1015
俺傈府,217,,711
俺傈府,224,,520
俺傈府,231,,331
俺傈府,239,,363
俺傈府,252,,1876
俺傈府,252,1,831
俺傈府,253,,483
俺傈府,254,,91.83
俺傈府,255,,829
俺傈府,255,1,594
俺傈府,269,1,991
俺傈府,269,6,2000
俺傈府,271,4,521.05
俺傈府,279,2,648
俺傈府,318,2,647
俺傈府,326,5,330
俺傈府,326,6,290
俺傈府,341,,840
俺傈府,345,,570
俺傈府,355,1,661
俺傈府,373,1,1040
俺傈府,373,2,105.38
俺傈府,373,6,450
俺傈府,373,8,156.2
俺傈府,373,13,661
俺傈府,373,14,992
俺傈府,373,15,249.5
俺傈府,374,,175.25
俺傈府,412,1,318
俺傈府,412,2,496
俺傈府,412,10,495
俺傈府,413,,592
俺傈府,451,3,474
俺傈府,452,,483
俺傈府,457,,630
俺傈府,457,2,1316
俺傈府,467,1,389
俺傈府,474,6,92.98
俺傈府,476,1,418
俺傈府,476,2,807
俺傈府,476,3,502
俺傈府,483,5,660
俺傈府,483,12,423
俺傈府,488,4,334
俺傈府,490,1,144
俺傈府,490,5,484
俺傈府,500,5,430
俺傈府,500,7,367
俺傈府,501,1,508
俺傈府,502,,402
俺傈府,503,1,793
俺傈府,505,,453
俺傈府,506,,90
俺傈府,510,3,762
俺傈府,510,11,195
俺傈府,510,17,458
俺傈府,510,18,647
俺傈府,511,,364
俺傈府,535,,586
俺傈府,562,1,770
俺傈府,569,1,614
俺傈府,576,,658
俺傈府,613,,116.3
俺傈府,633,3,660
俺傈府,655,8,640.5
俺傈府,672,1,660
俺傈府,678,,330
俺傈府,魂,9,188.75
付魂府,10,1,323
付魂府,10,5,396
付魂府,10,7,303
付魂府,11,11,540
付魂府,13,2,899
付魂府,50,,180
付魂府,64,1,507
付魂府,66,4,299.7
付魂府,66,4,350.5
付魂府,66,5,493
付魂府,67,1,188
付魂府,68,4,285
付魂府,74,5,686
付魂府,74,7,218
付魂府,74,17,180
付魂府,214,,361
付魂府,215,2,339
付魂府,244,,500
付魂府,249,,479
付魂府,251,1,543
付魂府,251,3,586
付魂府,251,6,268.3
付魂府,252,,422
付魂府,257,4,423
付魂府,264,1,450
付魂府,265,,635.28
付魂府,272,1,357
付魂府,272,3,460
付魂府,273,1,460
付魂府,317,1,190
付魂府,317,5,340
付魂府,318,2,552
付魂府,318,6,261
付魂府,320,2,894
付魂府,324,1,74.25
付魂府,325,3,537
付魂府,326,,460
付魂府,327,,202
付魂府,330,4,355
付魂府,330,5,179
付魂府,330,7,440
付魂府,330,8,68.57
付魂府,330,12,331
付魂府,331,1,499
付魂府,332,1,251
付魂府,332,3,559
付魂府,333,,1372
付魂府,333,1,654
付魂府,346,6,649
付魂府,348,2,522
付魂府,351,,495
付魂府,351,4,662
付魂府,393,4,410
付魂府,394,1,660
付魂府,399,1,311
付魂府,406,,499
付魂府,408,,542
付魂府,410,,503
付魂府,419,3,318
付魂府,435,6,522
付魂府,445,,386
付魂府,450,2,446
付魂府,451,3,164
付魂府,453,2,504
付魂府,460,1,516
付魂府,467,,690
付魂府,467,1,575
付魂府,467,3,663
付魂府,467,4,663
付魂府,479,,783
付魂府,481,1,327
付魂府,481,2,387
付魂府,484,2,567.5
付魂府,484,7,790
付魂府,486,1,362
付魂府,486,4,496
付魂府,489,,456
付魂府,490,1,264
付魂府,491,,436
付魂府,493,,926
付魂府,495,1,228
付魂府,504,1,660
付魂府,511,,426
付魂府,512,2,426
付魂府,513,,930
付魂府,516,3,354
付魂府,529,2,248
付魂府,534,2,176.2
付魂府,535,,602
付魂府,570,5,708
付魂府,571,2,1792
付魂府,571,3,395
付魂府,571,5,328
付魂府,581,,165
付魂府,633,2,406
付魂府,694,,688
付魂府,809,6,391
付魂府,824,3,1118.1
付魂府,824,5,492.1
付魂府,826,4,758
付魂府,827,1,529.4
付魂府,827,4,531.6
付魂府,827,8,712.5
付魂府,827,13,534.9
付魂府,魂,44,247.9
炼邦府,3,8,660
炼邦府,4,,541
炼邦府,13,8,750
炼邦府,14,,660
炼邦府,14,5,675
炼邦府,14,8,674
炼邦府,14,12,680
炼邦府,14,18,661
炼邦府,14,24,572
炼邦府,14,26,671
炼邦府,22,,489
炼邦府,28,,917
炼邦府,29,2,219.67
炼邦府,30,,492.2
炼邦府,32,,661
炼邦府,33,,594
炼邦府,49,,660
炼邦府,57,,598
炼邦府,60,,527
炼邦府,64,,500
炼邦府,64,2,605
炼邦府,64,5,631
炼邦府,64,17,652
炼邦府,64,20,784
炼邦府,64,22,590
炼邦府,64,27,653
炼邦府,67,,542
炼邦府,68,,482.5
炼邦府,69,1,498
炼邦府,72,,532
炼邦府,72,1,659
炼邦府,76,2,390
炼邦府,78,2,462
炼邦府,79,,601.21
炼邦府,81,,331
炼邦府,84,1,594
炼邦府,96,,589
炼邦府,99,1,191
炼邦府,116,,248
炼邦府,120,,344
炼邦府,121,,387
炼邦府,123,,450
炼邦府,126,,595
炼邦府,144,1,169
炼邦府,199,,625
炼邦府,199,1,660
炼邦府,203,,1331.4
炼邦府,231,,653
炼邦府,240,,397
炼邦府,242,,604
炼邦府,264,2,500
炼邦府,277,,370
炼邦府,292,1,1144
炼邦府,293,,2473
炼邦府,299,,237
炼邦府,300,,426
炼邦府,301,,248
炼邦府,313,3,842
炼邦府,324,,380
炼邦府,325,,221
炼邦府,326,1,3426
炼邦府,328,,739
炼邦府,329,2,1115
炼邦府,329,4,546
炼邦府,329,9,535
炼邦府,329,14,1668
炼邦府,329,16,554
炼邦府,329,19,262
炼邦府,346,,374
炼邦府,346,7,399
炼邦府,346,8,231
炼邦府,355,,121.73
炼邦府,356,,312
炼邦府,357,,526
炼邦府,359,1,660
炼邦府,372,,502
炼邦府,375,,377
炼邦府,376,1,332
炼邦府,378,2,565
炼邦府,381,2,231
炼邦府,381,4,331
炼邦府,382,,251
炼邦府,389,,660
炼邦府,398,,306
炼邦府,399,,456
炼邦府,401,,162
炼邦府,405,1,660
炼邦府,406,,575
炼邦府,420,,524
炼邦府,432,,582
炼邦府,433,3,646.1
炼邦府,435,1,495
炼邦府,435,2,307.08
炼邦府,437,,389
炼邦府,437,5,662
炼邦府,437,9,861
炼邦府,440,,1104
炼邦府,444,,146
炼邦府,444,1,158
炼邦府,444,2,140
炼邦府,446,2,312
炼邦府,446,4,231
炼邦府,449,,1350
炼邦府,465,4,319
炼邦府,466,4,331
炼邦府,466,8,631
炼邦府,475,2,660
炼邦府,487,,428
炼邦府,489,,284
炼邦府,490,,516
炼邦府,491,,238
炼邦府,516,3,278
炼邦府,529,14,655
炼邦府,魂,7,184.75
炼邦府,魂,21,89
炼邦府,魂,56,243.43
积款府,2,,932
积款府,5,2,130
积款府,5,4,473
积款府,6,2,629
积款府,6,3,115.8
积款府,6,4,340
积款府,9,1,178.85
积款府,12,,987
积款府,14,1,479
积款府,14,3,387
积款府,17,1,180
积款府,17,2,496
积款府,20,,717
积款府,21,3,562
积款府,26,,425
积款府,41,3,521
积款府,54,,657
积款府,54,3,660
积款府,88,1,233
积款府,118,1,496
积款府,119,1,844
积款府,119,4,496
积款府,147,1,202
积款府,147,4,598
积款府,147,7,284
积款府,148,,413
积款府,151,2,423
积款府,152,1,818
积款府,153,3,330
积款府,155,1,473
积款府,155,3,202
积款府,162,,990
积款府,170,,660
积款府,170,1,171
积款府,175,1,640
积款府,182,1,577
积款府,185,,552
积款府,186,2,524
积款府,188,1,311
积款府,188,2,559
积款府,189,2,444
积款府,190,1,496
积款府,191,1,197
积款府,194,,550
积款府,195,4,542
积款府,196,2,592
积款府,196,5,496
积款府,199,6,539
积款府,200,,846
积款府,202,,655
积款府,203,2,660
积款府,224,,430
积款府,229,2,340
积款府,260,3,330
巢魂府,7,,610
巢魂府,11,1,550
巢魂府,15,,650
巢魂府,40,2,157.3
巢魂府,41,3,522
巢魂府,41,4,444
巢魂府,41,6,532
巢魂府,42,2,902
巢魂府,42,3,408
巢魂府,42,6,228
巢魂府,45,,490
巢魂府,99,,933
巢魂府,101,,660
巢魂府,101,1,628
巢魂府,106,,327
巢魂府,110,,988
巢魂府,127,,890
巢魂府,130,,660
巢魂府,139,1,354
巢魂府,140,1,291.38
巢魂府,141,,639
巢魂府,142,2,820
巢魂府,143,,394
巢魂府,144,1,833
巢魂府,144,4,902
巢魂府,145,1,777
巢魂府,145,3,625
巢魂府,146,1,426
巢魂府,146,2,360
巢魂府,146,3,231
巢魂府,148,1,307
巢魂府,148,3,398
巢魂府,148,4,857
巢魂府,150,,312
巢魂府,153,3,264
巢魂府,155,,675
巢魂府,158,,621
巢魂府,159,,359
巢魂府,160,,466
巢魂府,161,,574
巢魂府,162,,555
巢魂府,164,,436
巢魂府,165,,886
巢魂府,166,,555
巢魂府,167,,889
巢魂府,169,,344
巢魂府,170,,681
巢魂府,171,1,347
巢魂府,171,4,375
巢魂府,173,1,620
巢魂府,174,1,330
巢魂府,174,2,519
巢魂府,175,2,480
巢魂府,178,,212.78
巢魂府,182,5,556
巢魂府,190,5,599
巢魂府,魂,9,720
背亲府,7,1,283
背亲府,7,3,259
背亲府,10,1,265
背亲府,11,,387
背亲府,13,,382
背亲府,17,,291
背亲府,18,1,756
背亲府,21,,323.6
背亲府,22,1,385
背亲府,26,3,383
背亲府,28,2,349
背亲府,46,1,260
背亲府,46,27,265
背亲府,46,28,274
背亲府,46,29,354
背亲府,47,2,430
背亲府,54,3,628
背亲府,56,3,177
背亲府,56,5,365
背亲府,57,8,289
背亲府,57,9,283
背亲府,57,11,280
背亲府,58,3,1184
背亲府,59,2,418
背亲府,59,3,160
背亲府,60,7,305
背亲府,61,1,81
背亲府,61,1,299
背亲府,61,1,193
背亲府,61,1,380
背亲府,61,1,207
背亲府,61,1,112
背亲府,61,1,225
背亲府,63,2,930
背亲府,112,1,335.9
背亲府,112,3,501.5
背亲府,116,2,208.5
背亲府,116,3,231.2
背亲府,116,4,585.6
背亲府,116,10,292.7
背亲府,116,13,270.5
背亲府,116,14,224.1
背亲府,116,16,214.3
背亲府,116,17,213.1
涝籍府,16,,962
涝籍府,18,1,443.1
涝籍府,18,5,588.1
涝籍府,18,8,506.2
涝籍府,19,2,350
涝籍府,22,,195
涝籍府,25,7,214.9
涝籍府,29,,367
涝籍府,36,4,354
涝籍府,39,,831
涝籍府,43,1,447
涝籍府,65,1,444
涝籍府,65,2,827
涝籍府,65,6,549
涝籍府,65,10,294
涝籍府,65,12,331
涝籍府,65,13,282.32
涝籍府,65,14,446
涝籍府,65,15,291
涝籍府,65,16,331
涝籍府,65,17,350
涝籍府,65,18,604
涝籍府,65,19,349
涝籍府,65,34,459
涝籍府,110,9,957
涝籍府,120,1,702
涝籍府,123,1,672
涝籍府,123,2,389
涝籍府,124,,748
涝籍府,129,,539
涝籍府,131,2,446
涝籍府,132,,304
涝籍府,135,7,269
涝籍府,135,10,610
涝籍府,135,12,637
涝籍府,135,15,237
涝籍府,137,3,192
涝籍府,137,4,151
涝籍府,138,1,425
涝籍府,138,3,106
涝籍府,138,5,195
涝籍府,138,8,175
涝籍府,138,9,112
涝籍府,138,10,182
涝籍府,138,11,122
涝籍府,138,13,116
涝籍府,138,15,218
涝籍府,138,16,122
涝籍府,138,17,116
涝籍府,138,20,271
涝籍府,138,21,119
涝籍府,138,23,182
涝籍府,138,24,119
涝籍府,138,25,340
涝籍府,139,1,73
涝籍府,139,4,102
涝籍府,139,5,99
涝籍府,139,6,122
涝籍府,139,7,119
涝籍府,139,8,106
涝籍府,139,9,119
涝籍府,139,12,109
涝籍府,139,13,102
涝籍府,140,,338
涝籍府,140,6,338
涝籍府,150,1,811.7
涝籍府,162,1,297
涝籍府,162,5,281
涝籍府,162,8,262
涝籍府,162,9,621
涝籍府,162,11,355
涝籍府,162,12,219
涝籍府,162,18,305
涝籍府,163,5,129
涝籍府,165,1,114
涝籍府,165,5,1078
涝籍府,165,7,198
涝籍府,165,13,206
涝籍府,168,1,197
涝籍府,168,3,113.5
涝籍府,169,2,277
涝籍府,169,6,191.4
涝籍府,169,7,168
涝籍府,169,9,225.9
涝籍府,170,2,364.1
涝籍府,170,3,153.5
涝籍府,170,6,642
涝籍府,170,10,65
涝籍府,172,1,513.9
涝籍府,172,2,310
涝籍府,174,1,350
涝籍府,174,6,378
涝籍府,179,2,253
涝籍府,180,1,100.5
涝籍府,180,3,919
涝籍府,182,1,595.5
涝籍府,183,,277
涝籍府,183,1,56.97
涝籍府,183,2,278
涝籍府,184,2,476
涝籍府,186,,636
涝籍府,187,5,580.9
涝籍府,187,6,672
涝籍府,188,1,392
涝籍府,188,2,355
涝籍府,188,4,387
涝籍府,190,,478
涝籍府,192,,478
涝籍府,192,1,347
涝籍府,192,2,378.5
涝籍府,192,3,341.7
涝籍府,192,4,345.5
涝籍府,192,5,359.4
涝籍府,198,,533
涝籍府,魂,11,250
涝籍府,魂,11,68.3
没侩府,11,,402
没侩府,11,2,385
没侩府,18,,212
没侩府,24,,1008
没侩府,56,,440
没侩府,61,1,484
没侩府,67,,555
没侩府,67,2,651
没侩府,67,6,543
没侩府,82,1,659
没侩府,90,,150.13
没侩府,97,2,529
没侩府,101,,545
没侩府,104,3,476
没侩府,130,,486
没侩府,142,,744
没侩府,144,,655
没侩府,146,2,240
没侩府,146,3,327
没侩府,158,,361
没侩府,159,2,326
没侩府,161,2,413
没侩府,163,1,397
没侩府,164,2,718
没侩府,164,3,996
没侩府,164,6,628
没侩府,164,8,295
没侩府,167,4,483
没侩府,172,3,511
没侩府,173,2,211
没侩府,173,7,1765
没侩府,174,1,396
没侩府,174,2,307
没侩府,174,3,127
没侩府,175,1,826
没侩府,179,,189
没侩府,180,,314
没侩府,181,,496
没侩府,181,2,410
没侩府,182,1,468
没侩府,183,1,273
没侩府,184,2,294
没侩府,185,1,544
没侩府,185,3,538
没侩府,186,1,332
没侩府,186,2,466
没侩府,189,1,350
没侩府,189,7,222
没侩府,191,2,486
没侩府,191,3,427
没侩府,191,4,224
没侩府,199,,400
没侩府,202,,1694
没侩府,202,1,304
没侩府,202,2,280
没侩府,203,2,395.77
没侩府,206,,494
没侩府,210,,790
没侩府,215,,298
没侩府,216,,731
没侩府,223,,621
没侩府,224,,526
没侩府,226,,492
没侩府,228,,567
没侩府,229,,273
没侩府,230,,560
没侩府,233,3,1597
没侩府,233,4,499
没侩府,237,,412
没侩府,238,2,645
没侩府,246,3,509
没侩府,258,3,209.2
没侩府,269,,496
没侩府,295,,990
没侩府,311,,711
没侩府,329,3,416
没侩府,331,,658
没侩府,333,1,709
没侩府,338,3,327
没侩府,338,5,352
没侩府,338,6,402
没侩府,338,7,412
没侩府,346,1,374
没侩府,346,4,360
没侩府,379,4,631
没侩府,379,6,646
没侩府,379,7,425
没侩府,380,,660
没侩府,393,,655
没侩府,395,1,463
没侩府,416,3,492
没侩府,417,1,549
没侩府,417,2,607
没侩府,417,3,591
没侩府,417,4,471
没侩府,420,2,661
没侩府,421,,450
没侩府,423,,500
宫拌府,22,2,330
宫拌府,22,3,633
宫拌府,34,3,115.48
宫拌府,77,,477
宫拌府,102,2,291
宫拌府,106,1,446
宫拌府,106,2,557
宫拌府,106,3,250
宫拌府,106,4,179
宫拌府,106,5,203
宫拌府,106,7,315
宫拌府,106,8,245
宫拌府,106,9,299
宫拌府,106,10,313
宫拌府,106,12,239
宫拌府,107,1,394
宫拌府,107,4,535
宫拌府,124,2,434
宫拌府,124,3,233
宫拌府,124,4,294
宫拌府,124,9,362
宫拌府,124,10,303
宫拌府,184,11,437
宫拌府,188,,4958
宫拌府,203,2,251
宫拌府,227,,655
宫拌府,228,4,458
宫拌府,228,5,309
宫拌府,229,6,697
宫拌府,229,7,232
宫拌府,229,8,316
宫拌府,230,1,288
宫拌府,233,2,374
宫拌府,233,3,374
宫拌府,233,4,330
宫拌府,233,5,380
宫拌府,233,6,302
宫拌府,233,7,248
宫拌府,234,2,797
宫拌府,237,,1964
宫拌府,238,2,516
宫拌府,241,1,1596
宫拌府,243,2,539
宫拌府,244,1,295
宫拌府,245,,400
宫拌府,246,2,334
宫拌府,251,,1339
邦背府,84,1,458
邦背府,85,1,198
邦背府,85,2,955
邦背府,85,11,295
邦背府,85,12,227
邦背府,85,14,377
邦背府,86,,488
邦背府,89,1,255
邦背府,89,5,443
邦背府,89,10,261
邦背府,89,11,221
邦背府,89,12,145
邦背府,89,18,504
邦背府,89,19,198
邦背府,89,21,519
邦背府,90,1,406
邦背府,90,4,165
邦背府,92,1,301
邦背府,92,7,240
邦背府,93,,413
邦背府,94,5,360
邦背府,94,8,198
邦背府,96,3,278
邦背府,96,5,344
邦背府,96,6,185
邦背府,96,9,615
邦背府,96,10,159
邦背府,96,15,314
邦背府,98,5,231
邦背府,98,6,264
邦背府,99,,271
邦背府,119,1,1011
邦背府,119,10,882
邦背府,122,6,267
邦背府,122,8,260
邦背府,125,1,382
邦背府,127,1,307
邦背府,127,2,337
邦背府,127,3,260
邦背府,127,4,385
邦背府,129,1,507
邦背府,129,7,290
邦背府,130,4,1544
邦背府,134,1,231
邦背府,134,2,605
邦背府,139,3,309.4
邦背府,149,3,328
邦背府,244,5,323
邦背府,244,6,233
邦背府,244,7,488
邦背府,244,8,269.8
邦背府,248,1,460
邦背府,251,1,209.7
邦背府,452,2,189
葛乞府,37,4,498
葛乞府,48,1,90
葛乞府,49,,221.6
葛乞府,49,,248.5
葛乞府,49,1,450
葛乞府,96,1,1327
葛乞府,96,2,1530
葛乞府,97,,698
葛乞府,103,,845
葛乞府,104,11,245
葛乞府,104,12,304
葛乞府,105,1,1326
葛乞府,106,,1250
葛乞府,117,,805
葛乞府,118,1,288
葛乞府,118,2,357
葛乞府,118,5,426
葛乞府,136,,886
葛乞府,140,1,760
葛乞府,143,1,1323
葛乞府,157,2,502
葛乞府,158,2,408
葛乞府,159,1,409
葛乞府,160,1,859
葛乞府,161,,631
葛乞府,163,2,506
葛乞府,163,3,1451
葛乞府,165,,813
馆邦府,1,,358.65
馆邦府,2,2,414
馆邦府,3,2,89
馆邦府,52,1,312
馆邦府,52,6,947
馆邦府,52,15,471
馆邦府,67,,640
馆邦府,71,,1412
馆邦府,73,2,334
馆邦府,75,2,506
馆邦府,77,1,850
馆邦府,77,3,535
馆邦府,81,5,391
馆邦府,97,2,446
馆邦府,98,4,393
馆邦府,113,,800
馆邦府,114,2,387
馆邦府,114,10,284
馆邦府,118,24,412
馆邦府,118,26,434
馆邦府,120,,607
馆邦府,142,4,2628
馆邦府,142,5,496
馆邦府,142,11,114
馆邦府,142,43,534
馆邦府,158,3,542
馆邦府,184,,669
馆邦府,184,4,700
馆邦府,184,5,686
馆邦府,184,9,672
馆邦府,184,10,666
馆邦府,184,13,685
馆邦府,184,23,620
馆邦府,184,25,626
馆邦府,184,26,762
馆邦府,189,7,939
馆邦府,190,,506
馆邦府,191,,1038
馆邦府,192,3,426
馆邦府,219,1,710
馆邦府,219,5,610
馆邦府,224,,770
馆邦府,229,3,446
馆邦府,230,,645
馆邦府,231,1,246.95
馆邦府,235,3,562
馆邦府,235,4,559
馆邦府,240,2,330
馆邦府,240,4,307
馆邦府,241,2,420
馆邦府,244,4,558
馆邦府,245,1,388
馆邦府,245,4,275
馆邦府,245,6,297
馆邦府,245,7,426
馆邦府,245,8,369
馆邦府,245,10,539
馆邦府,248,3,188
馆邦府,249,1,544
馆邦府,250,2,393
馆邦府,253,,430
馆邦府,254,1,498
馆邦府,255,,813
馆邦府,256,,407
馆邦府,260,,420
馆邦府,261,3,587
馆邦府,262,,992
馆邦府,266,1,344
馆邦府,267,1,255
馆邦府,270,,627
馆邦府,283,,546
馆邦府,323,,433
馆邦府,328,1,543
馆邦府,328,2,782
馆邦府,334,2,700
馆邦府,347,,234
馆邦府,356,3,2565
馆邦府,360,,374
馆邦府,361,,456
馆邦府,364,5,660
馆邦府,365,2,516
馆邦府,381,4,400
馆邦府,396,11,360
馆邦府,396,30,660
馆邦府,396,32,392
馆邦府,400,8,501
馆邦府,401,1,700
馆邦府,401,4,545
馆邦府,401,13,563
馆邦府,401,26,600
馆邦府,401,34,550
馆邦府,401,37,561
馆邦府,401,41,658
馆邦府,401,45,688
馆邦府,401,46,752
馆邦府,401,49,674
馆邦府,401,52,657
馆邦府,409,1,337
馆邦府,420,,660
馆邦府,437,,383
馆邦府,458,12,644
馆邦府,459,2,649
馆邦府,461,,297
馆邦府,462,4,833
馆邦府,462,6,686
馆邦府,507,,248
馆邦府,543,1,1150
馆邦府,543,5,1166
馆邦府,543,12,330
馆邦府,566,15,651
馆邦府,魂,25,690.6
哎浅府,7,1,388
哎浅府,7,4,285
哎浅府,8,,539
哎浅府,8,1,330
哎浅府,13,1,726
哎浅府,30,2,516
哎浅府,30,4,1451
哎浅府,40,,777
哎浅府,41,,127.25
哎浅府,51,1,324
哎浅府,52,1,519
哎浅府,56,,660
哎浅府,64,1,774
哎浅府,65,,405
哎浅府,69,12,727
哎浅府,70,6,827
哎浅府,70,8,400
哎浅府,71,45,983
哎浅府,77,,561
哎浅府,80,9,772
哎浅府,80,21,459
哎浅府,80,22,503
哎浅府,80,23,431
哎浅府,80,24,1086
哎浅府,80,26,340.55
哎浅府,80,71,662
哎浅府,80,72,660
哎浅府,80,95,512
哎浅府,83,,539
哎浅府,118,,531
哎浅府,128,,625
哎浅府,131,4,1085
哎浅府,190,1,305
哎浅府,190,6,290
哎浅府,191,,466
哎浅府,194,2,360
哎浅府,196,2,933
哎浅府,196,3,307
哎浅府,198,,820
哎浅府,205,,620
哎浅府,206,1,1063
哎浅府,220,9,995
哎浅府,247,3,463
哎浅府,271,2,207.18
哎浅府,271,3,899
哎浅府,277,3,330
哎浅府,300,3,674
哎浅府,307,,882
哎浅府,319,,1345
哎浅府,320,,650
哎浅府,323,1,420
哎浅府,331,2,638
哎浅府,333,1,469
哎浅府,335,,124.65
哎浅府,337,1,350
哎浅府,337,2,347
切邦府,8,1,601
切邦府,42,6,95
切邦府,47,10,1770
切邦府,66,1,942
切邦府,67,10,330
切邦府,80,1,265
切邦府,81,,142
切邦府,82,3,555
切邦府,110,2,249
切邦府,116,,182.88
切邦府,118,,654
切邦府,148,,496
切邦府,206,,575
切邦府,210,,446
切邦府,222,,582
切邦府,226,,572
切邦府,229,2,224
切邦府,230,,520
切邦府,231,1,537
切邦府,263,,645
切邦府,263,1,496
切邦府,305,1,643
切邦府,366,4,169
切邦府,368,,560
切邦府,368,1,785
切邦府,368,3,451
切邦府,368,5,419
切邦府,387,12,619
切邦府,387,13,667
切邦府,397,,450
切邦府,399,,299
切邦府,399,1,132.7
切邦府,411,4,506
切邦府,412,3,370
切邦府,414,9,212.5
切邦府,415,14,420
切邦府,423,3,905.75
切邦府,439,,496
切邦府,440,,625
切邦府,441,1,316
切邦府,441,2,490
切邦府,441,3,362
切邦府,441,4,453
切邦府,445,1,1054
切邦府,462,16,464
切邦府,465,2,288
切邦府,484,5,331
切邦府,484,7,510
切邦府,484,13,1025
切邦府,486,2,542
切邦府,487,,183
切邦府,488,4,270
切邦府,489,4,512
切邦府,492,1,1277
切邦府,494,,561
切邦府,502,2,271
切邦府,506,1,536
切邦府,508,1,1179
切邦府,526,1,1235.03
切邦府,541,27,826
切邦府,755,,241
切邦府,770,,459
切邦府,782,,403
切邦府,785,3,362.2
切邦府,787,8,161
切邦府,787,11,158.38
切邦府,788,2,285.58
切邦府,793,,671
切邦府,798,,403
切邦府,804,,586
切邦府,808,1,555
切邦府,820,1,291
切邦府,821,1,160.9
切邦府,825,,196.08
切邦府,826,,463
切邦府,830,3,660
切邦府,834,1,282
切邦府,840,,1104
切邦府,842,1,1027
切邦府,881,2,235
切邦府,893,1,264
切邦府,894,,228
切邦府,895,,391
切邦府,895,1,304
切邦府,895,2,345
切邦府,895,3,342
切邦府,896,,404
切邦府,897,,308
切邦府,899,,863
切邦府,905,2,183
切邦府,908,,336
切邦府,909,,600
切邦府,912,,227
切邦府,924,,485.85
切邦府,953,,532
切邦府,956,,206.6
切邦府,957,,843
切邦府,965,,330
切邦府,魂,23,183.26
切邦府,魂,43,336
啊淬府,24,2,660
啊淬府,25,2,578
啊淬府,36,2,261
啊淬府,44,1,367
啊淬府,46,,876
啊淬府,47,4,142
啊淬府,49,2,288
啊淬府,50,,430
啊淬府,51,,393
啊淬府,52,1,334
啊淬府,52,2,320
啊淬府,52,3,324
啊淬府,52,4,342
啊淬府,52,6,164
啊淬府,52,7,232
啊淬府,52,8,264
啊淬府,53,1,1243
啊淬府,55,1,731
啊淬府,55,2,1064
啊淬府,56,3,185
啊淬府,58,3,400
啊淬府,59,,416
啊淬府,61,1,502
啊淬府,61,3,159
啊淬府,62,2,463
啊淬府,64,,400
啊淬府,65,1,456
啊淬府,66,,532
啊淬府,68,2,504
啊淬府,68,4,473
啊淬府,71,2,625
啊淬府,72,1,270
啊淬府,72,2,1218
啊淬府,72,5,389
啊淬府,74,1,447
啊淬府,75,1,738
啊淬府,76,1,651
啊淬府,81,1,227
啊淬府,81,2,510
啊淬府,81,3,323
啊淬府,83,1,246
啊淬府,83,2,740
啊淬府,83,3,1087
啊淬府,84,,357
啊淬府,87,2,436
啊淬府,88,2,615
啊淬府,91,2,400
啊淬府,160,3,369
啊淬府,160,4,1002
啊淬府,160,6,426
啊淬府,161,4,489.5
啊淬府,161,7,273.5
啊淬府,162,3,206.25
啊淬府,180,,660
啊淬府,184,,893
啊淬府,185,,397
啊淬府,186,,2334
啊淬府,194,,377
啊淬府,203,1,601
啊淬府,230,1,271
啊淬府,230,2,337
啊淬府,230,3,542
啊淬府,231,2,836
啊淬府,231,4,353
啊淬府,232,5,162
啊淬府,232,7,278
啊淬府,232,8,165
啊淬府,234,2,106
啊淬府,234,3,281
啊淬府,234,4,168.53
啊淬府,234,11,215.2
啊淬府,246,,595
啊淬府,246,2,657
啊淬府,259,1,162
啊淬府,283,2,230
啊淬府,339,1,322
啊淬府,343,3,489
啊淬府,345,,5762
啊淬府,352,1,305.23
啊淬府,363,1,754
啊淬府,366,2,744
啊淬府,380,,631
啊淬府,385,,559
啊淬府,390,1,575
啊淬府,390,2,469
啊淬府,394,2,543
啊淬府,395,3,562
啊淬府,401,1,660
啊淬府,405,2,509
啊淬府,405,4,456
啊淬府,405,7,631
啊淬府,413,,215
啊淬府,415,,298
啊淬府,417,2,783
啊淬府,418,1,488
啊淬府,421,,892
啊淬府,422,,393
啊淬府,430,,235
啊淬府,431,,264
啊淬府,432,,1369
啊淬府,434,,420
啊淬府,436,1,463
啊淬府,436,4,495
啊淬府,438,3,621
啊淬府,439,,545
啊淬府,445,,449
啊淬府,452,,625
啊淬府,460,3,714
啊淬府,492,4,596
啊淬府,516,2,694
啊淬府,549,7,660
啊淬府,魂,6,145.75
啊淬府,魂,14,1767.5
啊淬府,魂,25,165
啊淬府,魂,30,457
眠悼府,3,13,1365
眠悼府,3,19,826
眠悼府,3,24,278.5
眠悼府,3,30,362.7
眠悼府,3,36,571
眠悼府,3,45,611
眠悼府,3,48,362
眠悼府,3,54,597
眠悼府,3,62,488
眠悼府,3,65,507.2
眠悼府,3,71,701
眠悼府,3,73,549
眠悼府,3,80,360
眠悼府,3,82,449.7
眠悼府,3,95,790.6
眠悼府,3,97,498
眠悼府,3,143,536
眠悼府,12,5,524
眠悼府,13,2,469
眠悼府,15,2,610
眠悼府,16,,498
眠悼府,17,9,307
眠悼府,17,22,240.3
眠悼府,17,40,327.3
眠悼府,17,41,193.7
眠悼府,17,45,338.1
眠悼府,18,7,782
眠悼府,19,1,460
眠悼府,20,,621
眠悼府,25,,1048
眠悼府,26,,865
眠悼府,27,1,448
眠悼府,28,16,751
眠悼府,30,1,394.2
眠悼府,34,1,640
眠悼府,35,4,346
眠悼府,36,6,447
眠悼府,38,2,397
眠悼府,40,,480
眠悼府,40,2,915
眠悼府,46,1,312.6
眠悼府,46,15,434
眠悼府,46,21,660
眠悼府,48,2,578
眠悼府,55,2,460
眠悼府,59,1,304
眠悼府,59,2,314
眠悼府,61,,475
眠悼府,104,,972
眠悼府,108,4,1058
眠悼府,110,,209.9
眠悼府,112,,307
眠悼府,113,,625
眠悼府,281,,330
眠悼府,284,2,522
眠悼府,284,6,698
眠悼府,290,,936
眠悼府,291,2,100.03
眠悼府,291,3,598
眠悼府,291,5,353
眠悼府,303,,503
眠悼府,304,,1600
眠悼府,306,1,323.4
眠悼府,306,2,473
眠悼府,324,3,450
眠悼府,325,,344
眠悼府,334,1,266.9
眠悼府,340,2,1101
眠悼府,344,1,436
眠悼府,344,3,212
眠悼府,346,,608
眠悼府,348,,1431
眠悼府,349,,688
眠悼府,351,1,440
眠悼府,352,,539
眠悼府,354,,743
眠悼府,355,2,484
眠悼府,357,1,339
眠悼府,366,,860
眠悼府,410,,330
眠悼府,412,1,440
眠悼府,414,2,1276
眠悼府,418,1,1187
眠悼府,427,3,228
眠悼府,444,4,825
眠悼府,491,,647
沥鞠府,13,3,664
沥鞠府,23,5,490
沥鞠府,24,,565
沥鞠府,27,2,564
沥鞠府,49,,515
沥鞠府,52,,333
沥鞠府,52,3,905
沥鞠府,62,1,506
沥鞠府,64,,660
沥鞠府,108,,974
沥鞠府,111,1,660
沥鞠府,112,,1101
沥鞠府,116,1,567
沥鞠府,116,3,372
沥鞠府,116,9,495
沥鞠府,116,14,530
沥鞠府,116,15,538
沥鞠府,116,19,722
沥鞠府,117,,367
沥鞠府,119,2,580
沥鞠府,123,1,638
沥鞠府,149,2,370
沥鞠府,155,3,2582
沥鞠府,156,,823
沥鞠府,158,1,502
沥鞠府,184,,599
沥鞠府,184,3,678
沥鞠府,184,5,692
沥鞠府,184,6,940
沥鞠府,184,8,718
沥鞠府,184,9,561
沥鞠府,184,10,594
沥鞠府,184,12,562
沥鞠府,184,16,747
沥鞠府,184,19,469
沥鞠府,184,20,688
沥鞠府,184,27,749
沥鞠府,184,28,749
沥鞠府,186,1,284
沥鞠府,193,5,495
沥鞠府,206,,360
沥鞠府,208,,562
沥鞠府,210,2,281
沥鞠府,211,,417
沥鞠府,212,,495
沥鞠府,216,,439
沥鞠府,220,1,537
沥鞠府,225,1,763
沥鞠府,228,2,650
沥鞠府,240,4,653
沥鞠府,270,4,907
沥鞠府,294,,555
沥鞠府,296,,535
沥鞠府,296,1,606
沥鞠府,304,,687
沥鞠府,326,3,446
沥鞠府,326,7,398
沥鞠府,326,14,782
沥鞠府,330,,517.8
沥鞠府,351,1,630
沥鞠府,351,11,286
沥鞠府,397,,367
沥鞠府,403,1,360
沥鞠府,404,1,638
沥鞠府,412,1,591
沥鞠府,416,,674
沥鞠府,418,,297
沥鞠府,421,3,660
沥鞠府,442,1,495
沥鞠府,446,2,334
沥鞠府,448,5,142
沥鞠府,495,2,342
沥鞠府,495,4,297
沥鞠府,498,3,512
沥鞠府,498,13,324
沥鞠府,499,,660
沥鞠府,506,,375
沥鞠府,507,3,493
沥鞠府,508,,355
沥鞠府,508,5,495
沥鞠府,511,1,548
沥鞠府,511,6,518
沥鞠府,517,1,218
沥鞠府,520,,820
沥鞠府,526,,506
沥鞠府,527,,476
沥鞠府,528,1,727
沥鞠府,528,2,418
沥鞠府,529,,700
沥鞠府,532,,562
沥鞠府,544,2,500
沥鞠府,545,,645
沥鞠府,569,,643
沥鞠府,571,3,559
沥鞠府,571,5,457
沥鞠府,583,,648
沥鞠府,609,,247.5
沥鞠府,610,,596
沥鞠府,611,,527
沥鞠府,612,,326.25
沥鞠府,630,,643
沥鞠府,642,,825
沥鞠府,687,,1104
沥鞠府,688,,320
沥鞠府,690,,315
沥鞠府,692,,559
沥鞠府,703,,529
沥鞠府,712,,1008
沥鞠府,715,1,638
沥鞠府,715,2,803
沥鞠府,719,,579
沥鞠府,719,1,254
沥鞠府,721,,396
沥鞠府,736,1,407
沥鞠府,747,2,342
沥鞠府,748,5,660
沥鞠府,749,,802
沥鞠府,765,3,387
沥鞠府,771,1,686
沥鞠府,771,5,420
沥鞠府,771,7,694
沥鞠府,771,8,652
沥鞠府,772,1,660
沥鞠府,775,1,495
沥鞠府,776,1,809
沥鞠府,778,4,255
沥鞠府,795,,1359
沥鞠府,797,2,545
沥鞠府,800,3,476
沥鞠府,803,2,660
沥鞠府,818,,200.6
沥鞠府,820,1,999
沥鞠府,820,3,689
沥鞠府,820,4,660
沥鞠府,838,5,980
沥鞠府,849,,320
沥鞠府,866,,750
沥鞠府,874,,430
沥鞠府,889,6,690
沥鞠府,892,,570
沥鞠府,893,,494
沥鞠府,897,1,733
沥鞠府,897,4,66.1
沥鞠府,899,,175
沥鞠府,906,,416
沥鞠府,910,2,590
沥鞠府,922,,476
沥鞠府,923,1,1218
沥鞠府,923,6,371
沥鞠府,925,1,518
沥鞠府,926,1,321
沥鞠府,928,2,265
沥鞠府,929,1,226.8
沥鞠府,939,2,458
沥鞠府,942,1,615
沥鞠府,946,1,310
沥鞠府,魂,201,546.25
滴邦府,5,,469
滴邦府,19,,522
滴邦府,19,9,330
滴邦府,29,,654
滴邦府,29,2,671
滴邦府,29,4,992
滴邦府,30,,681
滴邦府,30,2,339
滴邦府,30,4,618
滴邦府,30,5,658
滴邦府,30,6,585
滴邦府,76,2,337
滴邦府,105,2,732
滴邦府,117,,426
滴邦府,133,1,363
滴邦府,135,1,426
滴邦府,135,17,393
滴邦府,137,8,308
滴邦府,142,1,1376
滴邦府,188,3,640
滴邦府,193,2,621
滴邦府,229,,659
滴邦府,230,,464
滴邦府,230,2,374
滴邦府,230,5,569
滴邦府,230,6,532
滴邦府,230,8,365
滴邦府,230,9,389
滴邦府,230,10,327
滴邦府,230,11,325
滴邦府,231,,794
滴邦府,231,4,294
滴邦府,248,,388
滴邦府,249,,512
滴邦府,251,,829
滴邦府,253,,510
滴邦府,254,,617
滴邦府,255,,583
滴邦府,256,,743
滴邦府,257,,511
滴邦府,258,,1901
滴邦府,259,,1190
滴邦府,260,,727
滴邦府,270,1,523
滴邦府,270,3,660
滴邦府,276,,147
滴邦府,318,,353
滴邦府,321,3,165
滴邦府,321,5,655
滴邦府,324,,165
滴邦府,324,1,165
滴邦府,324,2,165
滴邦府,324,4,165
滴邦府,324,5,165
滴邦府,324,6,165
滴邦府,324,8,165
滴邦府,324,9,330
滴邦府,324,10,540
滴邦府,334,1,525
滴邦府,338,8,840
滴邦府,338,11,677
滴邦府,338,12,648
滴邦府,426,2,892
滴邦府,428,2,298
滴邦府,428,3,370
滴邦府,428,4,599
滴邦府,428,13,371
滴邦府,430,1,366
滴邦府,435,1,447
滴邦府,436,,660
滴邦府,446,2,291
滴邦府,446,4,325
滴邦府,446,7,539
滴邦府,448,,168.53
滴邦府,448,1,340
滴邦府,448,2,252
滴邦府,448,8,264
滴邦府,451,1,242
滴邦府,452,2,197
滴邦府,453,,724
滴邦府,454,,242
滴邦府,455,,704
滴邦府,456,1,253
滴邦府,456,3,190
滴邦府,459,,833
滴邦府,461,,446
滴邦府,463,1,331
滴邦府,465,2,651
滴邦府,466,,521
滴邦府,466,1,181
滴邦府,467,3,340
滴邦府,469,6,157
滴邦府,469,9,1150
滴邦府,470,19,423
滴邦府,479,5,188
滴邦府,479,18,598
滴邦府,481,1,545
滴邦府,481,2,509
滴邦府,482,1,447
滴邦府,483,2,321
滴邦府,483,4,598
滴邦府,493,,372
滴邦府,495,,495
滴邦府,498,2,483
滴邦府,506,,559
滴邦府,506,1,190
滴邦府,536,1,124
滴邦府,573,2,608
滴邦府,581,,564
滴邦府,586,17,570
滴邦府,586,30,330
滴邦府,590,5,647
滴邦府,591,26,330
滴邦府,591,29,827
滴邦府,615,1,330
滴邦府,魂,10,171.4
侩敌府,7,,534
侩敌府,20,,495
侩敌府,27,2,206
侩敌府,27,3,393
侩敌府,31,,495
侩敌府,32,2,662
侩敌府,35,,587
侩敌府,35,3,526
侩敌府,36,,495
侩敌府,38,,623
侩敌府,51,,90.5
侩敌府,55,,391
侩敌府,56,,395
侩敌府,57,,475
侩敌府,58,,340
侩敌府,62,,660
侩敌府,71,,487
侩敌府,71,3,524
侩敌府,73,1,793
侩敌府,81,,628
侩敌府,81,3,594
侩敌府,84,2,905
侩敌府,86,1,1283
侩敌府,88,4,281
侩敌府,93,,397
侩敌府,94,1,400
侩敌府,101,,304
侩敌府,109,9,335
侩敌府,109,12,210
侩敌府,123,,405.5
侩敌府,125,,222
侩敌府,133,,419
侩敌府,134,3,99
侩敌府,135,1,686
侩敌府,149,1,585
侩敌府,150,,370
侩敌府,156,1,233.8
侩敌府,157,,660
侩敌府,195,,268
侩敌府,204,,646
侩敌府,204,6,451
侩敌府,204,7,383
侩敌府,205,,462
侩敌府,206,,545
侩敌府,206,2,569
侩敌府,212,,578
侩敌府,212,1,544
侩敌府,213,,537
侩敌府,213,1,660
侩敌府,213,3,641
侩敌府,213,4,678
侩敌府,215,1,626
侩敌府,215,3,559
侩敌府,215,7,729
侩敌府,217,,327
侩敌府,225,,673
侩敌府,225,1,990
侩敌府,225,4,657
侩敌府,225,5,648
侩敌府,230,,490
侩敌府,231,1,572
侩敌府,264,,389
侩敌府,301,,657
侩敌府,307,,450
侩敌府,315,,998
侩敌府,336,,482.5
侩敌府,342,2,261.75
侩敌府,344,,63
侩敌府,346,2,303.5
侩敌府,352,,625
侩敌府,355,2,324
侩敌府,358,1,481
侩敌府,363,,655
侩敌府,401,,651
侩敌府,402,3,903
侩敌府,412,1,775
侩敌府,412,5,420
侩敌府,455,,582
侩敌府,457,,660
侩敌府,511,1,576
侩敌府,513,,165
侩敌府,515,,321
侩敌府,523,2,364
侩敌府,525,,1893
侩敌府,527,1,436
侩敌府,529,2,500
侩敌府,531,1,327
侩敌府,531,2,228
侩敌府,532,2,516
侩敌府,533,,300
侩敌府,535,2,407
侩敌府,537,2,417
侩敌府,556,6,288
侩敌府,562,5,600
侩敌府,569,3,462
侩敌府,571,5,497
侩敌府,577,4,216
侩敌府,578,3,154
侩敌府,580,1,991
侩敌府,584,,493
侩敌府,590,1,150
侩敌府,590,3,576
侩敌府,598,,131.25
侩敌府,606,,366
侩敌府,635,2,623
侩敌府,637,2,668
侩敌府,638,,992
侩敌府,645,,397
侩敌府,655,,669
侩敌府,655,5,827
侩敌府,665,,446
侩敌府,668,,1000
侩敌府,672,,635
侩敌府,677,,330
侩敌府,679,,383
侩敌府,699,,2592
侩敌府,699,2,619
侩敌府,703,,451
侩敌府,716,1,994
侩敌府,786,12,668
侩敌府,787,,274
侩敌府,791,6,518
侩敌府,795,1,579.3
侩敌府,795,6,486
侩敌府,795,7,410
侩敌府,795,8,577.4
侩敌府,795,9,705
侩敌府,803,1,761
侩敌府,804,,161.75
侩敌府,810,1,660
侩敌府,816,1,616
侩敌府,819,,771
侩敌府,819,1,588
侩敌府,819,2,628
侩敌府,819,3,642
侩敌府,819,4,630
侩敌府,820,,315
侩敌府,魂,50,35
魂傈府,1,1,800
魂傈府,2,1,1484
魂傈府,2,3,826
魂傈府,4,,660
魂傈府,4,2,619
魂傈府,15,,227.5
魂傈府,20,1,434
魂傈府,20,4,467
魂傈府,21,1,638
魂傈府,22,4,1102
魂傈府,27,3,374
魂傈府,30,4,989
魂傈府,34,,474
魂傈府,46,4,543
魂傈府,53,,592
魂傈府,73,,790
魂傈府,75,2,383
魂傈府,77,8,435
魂傈府,84,,407
魂傈府,89,4,395
魂傈府,89,5,413
魂傈府,90,,999
魂傈府,98,2,162
魂傈府,103,1,213
魂傈府,117,2,215
魂傈府,119,,594
魂傈府,120,,609
魂傈府,120,2,343
魂傈府,122,,467
魂傈府,124,,410
魂傈府,136,7,417
魂傈府,136,14,118
魂傈府,140,1,664
魂傈府,150,1,515
魂傈府,153,5,911
魂傈府,155,2,446
魂傈府,167,,794
魂傈府,168,,182
魂傈府,169,,377
魂傈府,172,14,192
魂傈府,173,5,448
魂傈府,188,1,404.9
魂傈府,191,1,322
魂傈府,199,1,325
魂傈府,207,,185.25
魂傈府,210,9,590
魂傈府,215,1,580
魂傈府,215,3,624
魂傈府,215,5,734
魂傈府,215,6,698
魂傈府,218,4,622
魂傈府,220,,484
魂傈府,239,3,660
魂傈府,243,7,691
魂傈府,243,11,495
魂傈府,262,2,473
魂傈府,268,,644
魂傈府,309,,344
魂傈府,312,1,343
魂傈府,315,1,682
魂傈府,315,3,614
魂傈府,315,5,792
魂傈府,319,1,1456
魂傈府,320,2,700
魂傈府,327,1,503
魂傈府,328,3,516
魂傈府,339,,980
魂傈府,339,1,444
魂傈府,339,3,660
魂傈府,339,5,660
魂傈府,341,,420
魂傈府,343,,616
魂傈府,355,,238
魂傈府,359,7,100
魂傈府,359,15,365
魂傈府,360,2,350
魂傈府,361,5,260
魂傈府,361,6,624
魂傈府,365,,458
魂傈府,366,,249
魂傈府,366,1,512
魂傈府,384,2,585
魂傈府,398,,674
魂傈府,402,,866
魂傈府,405,1,612
魂傈府,405,5,758
魂傈府,408,2,660
魂傈府,421,1,713
魂傈府,421,5,700
魂傈府,424,2,179
魂傈府,425,,440
魂傈府,426,2,321
魂傈府,430,3,660
魂傈府,431,1,395
魂傈府,444,,1148
魂傈府,444,3,429
魂傈府,445,1,906
魂傈府,456,4,661
魂傈府,490,3,610
魂傈府,498,,350
魂傈府,魂,61,381.6
惑窍啊府,16,,264
惑窍啊府,19,2,470
惑窍啊府,19,5,660
惑窍啊府,37,1,970
惑窍啊府,44,1,936
惑窍啊府,44,3,258
惑窍啊府,47,,952
惑窍啊府,48,,238
惑窍啊府,49,,711
惑窍啊府,72,2,524
惑窍啊府,90,4,337
惑窍啊府,90,8,206
惑窍啊府,123,,273
惑窍啊府,128,1,478
惑窍啊府,128,2,380
惑窍啊府,129,1,321
惑窍啊府,183,2,464
惑窍啊府,184,,499
惑窍啊府,223,,684
惑窍啊府,224,,489
惑窍啊府,228,,294
惑窍啊府,229,,407
惑窍啊府,230,,564
惑窍啊府,241,2,840
惑窍啊府,241,8,433
惑窍啊府,241,9,264
惑窍啊府,241,10,631
惑窍啊府,241,11,331
惑窍啊府,242,1,264
惑窍啊府,242,2,421
惑窍啊府,242,5,145
惑窍啊府,256,1,456
惑窍啊府,257,2,403
惑窍啊府,280,3,660
惑窍啊府,294,2,366
惑窍啊府,304,1,463
惑窍啊府,306,,876
惑窍啊府,307,4,678
惑窍啊府,360,15,820
惑窍啊府,360,16,495
惑窍啊府,360,17,825
惑窍啊府,360,18,330
惑窍啊府,360,19,330
惑窍啊府,360,20,330
惑窍啊府,360,24,330
惑窍啊府,360,25,330
惑窍啊府,360,26,660
惑窍啊府,360,27,599
惑窍啊府,390,1,520
惑窍啊府,391,,485
惑窍啊府,394,,605
惑窍啊府,395,,486
惑窍啊府,397,,774
惑窍啊府,409,,380
惑窍啊府,420,1,477
惑窍啊府,424,,626
惑窍啊府,431,2,760
惑窍啊府,672,5,473
惑窍啊府,魂,61,206
沥陛府,23,,251
沥陛府,48,,730
沥陛府,57,,311
沥陛府,63,,325
沥陛府,68,,289.2
沥陛府,69,,559
沥陛府,110,,806
沥陛府,110,1,468
沥陛府,110,2,610
沥陛府,110,6,609
沥陛府,118,2,807
沥陛府,119,,321
沥陛府,119,4,481
沥陛府,119,8,194
沥陛府,119,9,230
沥陛府,119,11,1522
沥陛府,119,15,1098
沥陛府,119,17,955
沥陛府,119,21,860
沥陛府,119,22,880
沥陛府,119,23,845
沥陛府,119,27,990
沥陛府,119,33,480
沥陛府,119,50,659
沥陛府,121,1,970
沥陛府,125,,658
沥陛府,129,,809.34
沥陛府,134,,643
沥陛府,136,,345
沥陛府,138,,660
沥陛府,215,,637
沥陛府,220,,403
沥陛府,223,,863
沥陛府,225,4,985
沥陛府,245,6,156.25
沥陛府,249,2,121.25
沥陛府,249,3,791
沥陛府,253,,477
沥陛府,253,3,559
沥陛府,256,,487
沥陛府,259,,108
沥陛府,261,,512
沥陛府,282,,182
沥陛府,287,5,620
沥陛府,287,11,420
沥陛府,288,,420
沥陛府,288,3,859
沥陛府,311,2,444
沥陛府,313,,500
沥陛府,322,3,1243
沥陛府,356,,606
沥陛府,358,4,548
沥陛府,369,,407
沥陛府,380,,542
沥陛府,396,3,360
沥陛府,426,,1326
沥陛府,428,2,662
沥陛府,429,,476
沥陛府,444,3,314
沥陛府,465,2,241
沥陛府,485,2,202
沥陛府,485,2,132.3
沥陛府,490,13,386
沥陛府,494,1,529
沥陛府,494,3,704
沥陛府,495,1,1392
沥陛府,500,1,486
沥陛府,500,2,172
沥陛府,505,3,371
沥陛府,506,,622
沥陛府,507,8,238
沥陛府,511,1,294
沥陛府,511,3,393
沥陛府,527,2,725
沥陛府,539,2,480
沥陛府,548,,648
沥陛府,554,,573
沥陛府,554,1,630
沥陛府,554,6,631
沥陛府,554,10,630
沥陛府,555,,389
沥陛府,555,5,447
沥陛府,567,,790
沥陛府,586,,920
沥陛府,589,,1077
沥陛府,598,3,115.9
沥陛府,620,,120.75
沥陛府,630,2,793
沥陛府,635,2,526
沥陛府,637,1,734
沥陛府,638,1,241
沥陛府,639,2,212
沥陛府,644,,770
沥陛府,644,1,531
沥陛府,655,,829
沥陛府,683,1,378
沥陛府,683,2,590
沥陛府,685,,506
沥陛府,690,,421
沥陛府,690,1,637
沥陛府,745,,550
沥陛府,753,2,375
沥陛府,754,,262
沥陛府,758,1,650
沥陛府,758,5,157.5
沥陛府,760,2,344
沥陛府,762,,480
沥陛府,776,,320
沥陛府,779,,292
沥陛府,780,,324
沥陛府,791,,862
沥陛府,796,,396
沥陛府,800,2,128
沥陛府,834,,819
沥陛府,846,1,677
沥陛府,849,26,728.4
沥陛府,857,1,851
沥陛府,859,2,314
沥陛府,870,,330
沥陛府,872,,625
沥陛府,872,5,660
沥陛府,873,,649
沥陛府,879,,817
沥陛府,883,,614
沥陛府,887,,516
沥陛府,888,,357
沥陛府,889,,560
沥陛府,890,,572
沥陛府,896,2,623
沥陛府,916,2,430
沥陛府,917,,465
沥陛府,917,1,790
沥陛府,917,2,811
沥陛府,918,3,341
沥陛府,927,3,377
沥陛府,928,2,192
沥陛府,930,,45
沥陛府,933,3,674
沥陛府,935,2,1179
沥陛府,936,1,330
沥陛府,940,,600
沥陛府,941,3,161.5
沥陛府,944,,311
沥陛府,948,1,902
沥陛府,950,2,350
沥陛府,958,,468
沥陛府,958,1,451
沥陛府,958,5,472
沥陛府,958,9,451
沥陛府,958,11,500
沥陛府,973,,553
沥陛府,978,,482
沥陛府,978,3,554
沥陛府,978,5,1057
沥陛府,979,,324
沥陛府,979,1,369
沥陛府,979,3,554
沥陛府,982,1,231.25
沥陛府,982,6,523
沥陛府,986,1,482
沥陛府,986,6,498
沥陛府,987,1,250
沥陛府,987,6,465
沥陛府,987,7,465
沥陛府,989,,445
沥陛府,989,2,397
沥陛府,989,5,348
沥陛府,989,6,686
沥陛府,989,7,545
沥陛府,989,8,585
沥陛府,989,9,473
沥陛府,989,10,538
沥陛府,989,11,497
沥陛府,989,16,631
沥陛府,1003,,742
沥陛府,1003,1,708
沥陛府,1003,5,580
沥陛府,1003,6,725
沥陛府,1003,9,742
沥陛府,1012,,528
沥陛府,1017,1,408
沥陛府,1020,,595
沥陛府,1030,,330
沥陛府,1038,,793
沥陛府,1042,,397
沥陛府,1043,,615
沥陛府,1043,1,938
沥陛府,1043,4,531
沥陛府,1043,7,717
沥陛府,1047,,508
沥陛府,1047,2,330
沥陛府,1049,2,660
沥陛府,1089,3,365
沥陛府,1090,,466
沥陛府,1090,1,835
沥陛府,1090,6,616
沥陛府,1091,,522
沥陛府,1091,3,725
沥陛府,1091,4,775
沥陛府,1119,,446
沥陛府,1121,,562
沥陛府,1137,,477
沥陛府,1146,,290
沥陛府,1146,2,335
沥陛府,1148,,255
沥陛府,1151,,889
沥陛府,1155,,97.75
沥陛府,1167,1,1140
沥陛府,1168,,224
沥陛府,1185,1,496
沥陛府,1198,1,805
沥陛府,1218,,708
沥陛府,1218,1,420
沥陛府,1218,3,660
沥陛府,1218,6,398
沥陛府,1218,7,366
沥陛府,1218,13,475
沥陛府,1226,,660
沥陛府,1254,,1300
沥陛府,1255,2,582
沥陛府,1255,3,660
沥陛府,1258,2,496
沥陛府,1270,,467
沥陛府,1271,,216.7
沥陛府,1321,,498
沥陛府,1381,,490
沥陛府,1384,,400
沥陛府,1388,3,680
沥陛府,1392,,774
窍泵府,8,,498
窍泵府,14,,660
窍泵府,16,,760
窍泵府,21,2,991
窍泵府,21,4,480
窍泵府,21,9,285
窍泵府,21,12,659
窍泵府,33,,446
窍泵府,34,,348
窍泵府,74,,403
窍泵府,150,3,658
窍泵府,166,1,250
窍泵府,166,24,990
窍泵府,167,,483
窍泵府,169,,633
窍泵府,169,2,117.29
窍泵府,171,,519
窍泵府,176,,550
窍泵府,178,,214.13
窍泵府,178,2,259
窍泵府,181,,476
窍泵府,182,1,454
窍泵府,186,2,340
窍泵府,187,2,193.25
窍泵府,208,,255
窍泵府,209,,463
窍泵府,210,8,729
窍泵府,211,,992
窍泵府,212,,780
窍泵府,290,,178.5
窍泵府,309,3,415
窍泵府,309,4,655
窍泵府,312,,1427
窍泵府,318,1,534
窍泵府,348,1,547
窍泵府,351,,364
窍泵府,376,,353
窍泵府,382,,660
窍泵府,383,,1408
窍泵府,391,,385
窍泵府,393,,200
窍泵府,396,,521
窍泵府,397,1,693
窍泵府,397,5,955
窍泵府,397,7,456
窍泵府,397,9,747
窍泵府,397,10,805
窍泵府,397,12,746
窍泵府,400,,767
窍泵府,401,1,731
窍泵府,407,3,530
窍泵府,408,,565
窍泵府,423,3,668
窍泵府,424,1,386
窍泵府,426,5,758
窍泵府,428,2,717
窍泵府,428,14,459
窍泵府,428,16,426
窍泵府,459,1,567
窍泵府,462,,714
窍泵府,466,,450
窍泵府,488,2,512
窍泵府,494,,284
窍泵府,494,3,647
窍泵府,516,4,400
窍泵府,516,8,285
窍泵府,541,,330
窍泵府,543,,327
窍泵府,552,,446
窍泵府,554,,324
窍泵府,564,,559
窍泵府,566,,658
窍泵府,567,,453
窍泵府,569,,496
窍泵府,579,,344
窍泵府,594,,301
窍泵府,603,,911
窍泵府,605,4,660
窍泵府,605,7,628
窍泵府,605,10,596
窍泵府,606,,592
窍泵府,607,1,259
窍泵府,620,,660
窍泵府,630,,314
窍泵府,633,,583
窍泵府,647,,919
窍泵府,650,,670
窍泵府,657,3,3509
窍泵府,658,1,386
窍泵府,689,1,283
窍泵府,689,7,331
窍泵府,700,,502
窍泵府,701,,631
窍泵府,705,,344
窍泵府,758,,710
窍泵府,786,,463
窍泵府,790,,569
窍泵府,804,,506
窍泵府,809,,212
窍泵府,810,1,191.25
窍泵府,810,10,330
窍泵府,810,13,496
窍泵府,830,1,317
窍泵府,830,6,1483
窍泵府,836,,899
窍泵府,843,11,577
窍泵府,843,12,536
窍泵府,843,13,707
窍泵府,843,16,948
窍泵府,843,18,655
窍泵府,846,,387
窍泵府,866,2,330
窍泵府,872,1,530
窍泵府,873,1,658
窍泵府,874,,500
窍泵府,879,22,332
窍泵府,883,1,357
窍泵府,883,13,330
窍泵府,883,18,357
窍泵府,883,19,357
窍泵府,883,24,430
窍泵府,883,27,304
窍泵府,883,30,370
窍泵府,885,1,595
窍泵府,889,,267.75
窍泵府,890,1,515
窍泵府,890,5,495
窍泵府,890,6,507
窍泵府,890,7,480
窍泵府,890,13,330
窍泵府,890,17,431
窍泵府,890,20,301
窍泵府,890,27,365
窍泵府,890,29,749
窍泵府,890,36,236
窍泵府,890,37,590
窍泵府,890,38,768
窍泵府,890,43,571
窍泵府,890,44,540
窍泵府,890,46,487
窍泵府,890,52,306
窍泵府,934,1,780
窍泵府,981,,512.4
窍泵府,1019,4,420
窍泵府,1025,1,609.7
窍泵府,1043,1,990
窍泵府,1047,,660
窍泵府,1058,,463
窍泵府,1065,1,662
窍泵府,魂,56,460
窍泵府,魂,165,123.95
惑措府,26,,750
惑措府,26,2,430
惑措府,26,7,727
惑措府,26,14,500
惑措府,26,15,450
惑措府,26,16,460
惑措府,27,,378
惑措府,28,,150
惑措府,31,,932
惑措府,34,1,486
惑措府,37,,1269
惑措府,38,,660
惑措府,38,2,1544
惑措府,39,2,655
惑措府,45,,1090
惑措府,46,,531
惑措府,49,,804
惑措府,53,,123.75
惑措府,54,,909
惑措府,55,3,426
惑措府,55,10,484
惑措府,59,3,575
惑措府,59,7,650
惑措府,59,13,916
惑措府,63,1,680
惑措府,63,2,671
惑措府,63,5,437
惑措府,73,,564
惑措府,74,,487
惑措府,75,6,396
惑措府,80,7,616
惑措府,84,1,463
惑措府,84,3,463
惑措府,84,5,396
惑措府,85,3,661
惑措府,88,1,660
惑措府,89,5,826
惑措府,89,7,654
惑措府,89,8,473
惑措府,90,1,344
惑措府,95,,330
惑措府,95,3,330
惑措府,95,6,380
惑措府,95,8,538
惑措府,98,,752
惑措府,100,1,496
惑措府,107,,495
惑措府,109,,880
惑措府,128,,190
惑措府,129,6,336
惑措府,135,1,948
惑措府,142,2,535
惑措府,143,,701
惑措府,144,3,1597
惑措府,144,5,857
惑措府,145,1,520
